4ed0ab2de5faa5ec031c6959,Coffee Shop
4ef741e5be7bb4784d7fc2ee,Bus Station
4b62d4abf964a5207b542ae3,Electronics Store
4db395246e8179a9136d07da,Temple
4b5567d0f964a5208ae327e3,Road
4b68eb56f964a5202b932be3,Department Store
4e720b668998183ccf08cc42,Train Station
4b63df47f964a5202b952ae3,Ramen /  Noodle House
4b80b574f964a520838730e3,Convenience Store
4ba4080df964a520b87938e3,Mall
4b613993f964a5206a0d2ae3,Convenience Store
4b7dcc5cf964a52057d52fe3,Grocery Store
4b7f8d86f964a520253430e3,Office
4f2b1f11e4b0f6161a60d0d4,Bridge
4c3420e83896e21ea625eb90,Home (private)
4d1dcf4be56f6ea848995e1d,Home (private)
4eccc1109a528a8ec715f4f4,Office
4b6e2453f964a52057ad2ce3,Bridge
4dce1c3cc65bdac71359ab73,Platform
4b5837b6f964a5205b4e28e3,Ramen /  Noodle House
4b63c919f964a5207f912ae3,Coffee Shop
4b80c879f964a520d98b30e3,Coffee Shop
4bd2d4589854d13aab5bfc4d,Train Station
4fec5b878055f4760d677d7c,Subway
4bc5735a6a3e9c74b0e9f548,Subway
4bb6fb732ea195217b76ac2f,Office
4bb1ca77f964a5202ca33ce3,Arcade
4bdf24df6198c9b6671816ff,Department Store
4b58064bf964a520f24828e3,Coffee Shop
4dd6362e1838b8561cc6f379,Arcade
4de72ff945dda9e8a3266b4a,Gym
4c05a010517d0f4745d8f415,Coffee Shop
506d4fd1e4b0666b52b0269b,Convenience Store
4b05879cf964a520549c22e3,Hotel
5091b0a0e4b049d6c515ec6f,Grocery Store
4b63fe46f964a520669a2ae3,Ramen /  Noodle House
4c9033c6d38dbfb7cbec03e2,Home (private)
4b058719f964a520997f22e3,Office
4b5c28c9f964a520102629e3,Ramen /  Noodle House
4f52f020e4b050039e2d348e,Ramen /  Noodle House
4b6c084af964a5209a202ce3,Coffee Shop
4b4efc33f964a52018f826e3,Theater
4b56d167f964a520041c28e3,Multiplex
4b63f0c2f964a52006982ae3,Convenience Store
4b575b15f964a5203c3328e3,Nightclub
4b5e6140f964a5202f8c29e3,Sandwich Place
4d01bbee3be26dcb9e7374e4,Home (private)
4b8b67d4f964a520a89e32e3,Convenience Store
4d38bd39928c224b4c835c1a,Platform
4b554f0df964a5205be127e3,Hotel
4b9e3fb9f964a520e9d436e3,Train Station
4b6d2629f964a520ea682ce3,Bookstore
4f57ed69e4b01f47e7e69c76,Bus Station
4b651693f964a52092e32ae3,Ramen /  Noodle House
4b5d768cf964a520cf5d29e3,Electronics Store
4c4fdfc738b0be9ae6c992fc,Grocery Store
4c865c3451ada1cd6e593f10,Convenience Store
4bd0720a046076b0ebee6f71,Ramen /  Noodle House
4fd8047ce4b0173fc1aba423,Ramen /  Noodle House
4b575400f964a520a43128e3,Mall
4b67d0e9f964a520685e2be3,Shrine
4c2ff7e7a0ced13ade8d116e,Convenience Store
4fd34ddbe4b054c59945da5b,Convenience Store
4f3b9010e4b08b7acecd17d1,Government Building
4bb0d1c8f964a520ef5f3ce3,Ramen /  Noodle House
4b596ed6f964a520198828e3,Train Station
4bcaafa1b6c49c746b0f9191,Home (private)
4ed16c31be7b9eece13e387d,Bar
4b6d0bb3f964a52090642ce3,Grocery Store
4b6f9610f964a520eff62ce3,Coffee Shop
4f61afa2e4b06b1a17d5d9b3,Ramen /  Noodle House
4e51abb918383eb2af414c0f,Temple
4bc18b6074a9a5931e0bd2f6,Concert Hall
4ca5bb5d965c9c744ca7c7fa,Hotel
4f44abe2e4b0bed366d06e35,Residential Building (Apartment / Condo)
4b586155f964a520265528e3,Train Station
4ccb856db5cdbfb71e0486c1,Ramen /  Noodle House
4b749fdff964a52082e82de3,Building
4b6e3aa3f964a52000b32ce3,Train Station
4b63ed57f964a52066972ae3,Department Store
4b65ff73f964a520630d2be3,Train Station
4f1375ffe4b0960d00dd2e12,Ramen /  Noodle House
4b5bc476f964a520fe1429e3,Art Museum
4bf4804b98ac0f47bf1c64a8,Train Station
4ca6c7cfb0b8236aa21ba3e6,Road
4b854232f964a5203e5331e3,Train Station
4b74cf7ef964a52043f32de3,Convenience Store
4e506fb3a80997aa8a4898ac,Hotel
4b5adecbf964a52027d828e3,Theater
4b626592f964a520d7452ae3,Fast Food Restaurant
4b05879af964a520c19b22e3,Hotel
4b58ddedf964a520b56f28e3,Bridge
4b5fe410f964a520cecf29e3,Clothing Store
4e111fe752b1655efa43d0c9,Convenience Store
4b7b36aef964a52059582fe3,Ramen /  Noodle House
4bda5640c79cc928889c7ee9,Mall
4f59e36de4b088314cdb4cd2,Convenience Store
4be6b3905254d13a48a660e1,Hobby Shop
4b55ce0ef964a520d6f027e3,Office
4f11d4c7e4b07e9ecad8aa1b,Subway
4bb2e81a14cfd13a508715ab,Subway
4b889c0df964a520390432e3,Coffee Shop
4b7b4b48f964a520f25c2fe3,Convenience Store
4e99b97bb8f77b7a994f0598,Grocery Store
4d76d2333b756ea81a7bc942,Hotel
4b569274f964a5208a1528e3,Ramen /  Noodle House
4b949524f964a520fb7d34e3,Arcade
4b514d4ff964a520514a27e3,Coffee Shop
4b931bacf964a5207d3534e3,Train Station
4b6160e9f964a52086112ae3,Grocery Store
4b6cfb4bf964a5206b612ce3,Temple
4ced24334cd4236a4c4ca663,Train Station
4cdb956f3f6a8cfacc33ecea,Other Great Outdoors
4fa64cb7e4b038e6a3045cb7,Arcade
4b5e95e4f964a5203a9329e3,Office
4b697a2ef964a520d6a32be3,Grocery Store
4dd4cc9bae60a78cec5ebd97,Road
50e8534c498e1c5ad841f4f2,Residential Building (Apartment / Condo)
4bf0b2e817880f4792a42937,Japanese Restaurant
4b56cb39f964a520611b28e3,Ramen /  Noodle House
4b8253faf964a520eccf30e3,Concert Hall
4eeb8488f7903296f8670993,Fast Food Restaurant
4db3a8dd6a23c31a03081e66,Fast Food Restaurant
4c33b1e0ed37a5939bc96d03,Convenience Store
4c2de7441683b7138a7626ec,Bus Station
4dbe89685da3ff58ec7ba848,Bookstore
4c5cf5c1857ca5930dc8cbcb,Park
4d105e7771e8a1cd9d5680bd,Train Station
4b5a92b4f964a520f3cb28e3,Train Station
4b591810f964a5203d7c28e3,Mall
4ecf0c95a17c6864e4f7534c,Convenience Store
4b931f7cf964a5206e3634e3,Ramen /  Noodle House
4b56a167f964a520281728e3,Mall
4b6d2e44f964a520526a2ce3,Hotel
4b725e34f964a52005792de3,University
4bf3e856354e9c7429aa2602,Arcade
4b563020f964a520550428e3,Train Station
4bf0ba3d3a15d13a2dea3e9f,Subway
4b89da77f964a5206b5132e3,Grocery Store
4fcdc146e4b032142f69dccb,Sake Bar
4b7796aef964a520eea22ee3,Coffee Shop
4b9847b8f964a520383935e3,Convenience Store
4d571419cf1b3704a09bc73f,Home (private)
4d5b852c1287a093dd9b2056,Bike Shop
4b6815c6f964a52095662be3,Ramen /  Noodle House
4be1bdeca145c928c06b4e80,Convenience Store
4b63eb3ef964a52012972ae3,Train Station
4b774ab0f964a5205f8f2ee3,Bridge
4baae6daf964a520028d3ae3,Hobby Shop
4ef498720cd67001b085280c,Arcade
4b598b10f964a520c98b28e3,Electronics Store
4b6e51baf964a52014b82ce3,Ramen /  Noodle House
4b691b46f964a52049992be3,Japanese Restaurant
4b49d62af964a5205a7426e3,Train Station
4becccb3d5510f473811cd6c,Drugstore / Pharmacy
4dca6fe7e4cde9e42f856bb5,Mall
4e83c9a62c5b5929750462fa,Mall
4de48f4cd22d2a4ecdf7d713,Bridge
4b7f8aaef964a520a93330e3,Arcade
4b616775f964a5205a122ae3,Subway
4b6131f9f964a520950c2ae3,Road
4b666c0af964a520fd202be3,Subway
4dc358a0c65b89d3ca3a103f,Japanese Restaurant
4c26ebc8c11dc9b6c9e72924,Concert Hall
4f963bcfe4b0d95a8328be64,Convenience Store
4b8bdc26f964a52016af32e3,Subway
4b653734f964a52042e92ae3,Ramen /  Noodle House
4cd236d901eaf04dd3f2c25d,Coffee Shop
4b5822c5f964a520e14b28e3,Grocery Store
4bf0cd6621072d7fab61208b,Hospital
4b91f97af964a520d0e133e3,Electronics Store
51355287e4b06f715d5ec53d,Office
4b56e526f964a520651e28e3,Train Station
4b5a9196f964a520bbcb28e3,Event Space
4b870e83f964a5200cae31e3,Hotel
4b5554eff964a520cbe127e3,Subway
4b54e6b3f964a52039d227e3,Train Station
4f26cf30e4b0dc27bbc8c310,Office
5003a3eee4b087cfc31d6260,Ramen /  Noodle House
4b09f56cf964a520632023e3,Electronics Store
4da61359cda1b0253fea55ce,Gym / Fitness Center
4b7e18a0f964a52098e22fe3,Arcade
4b60040df964a52052d329e3,Grocery Store
4b5a836ff964a52018c928e3,Ramen /  Noodle House
4ef9f4b19a52c908434b2f8e,Karaoke Bar
4b8e3fd6f964a520db1c33e3,Ramen /  Noodle House
4c822368dc018cfad633cc6c,Convenience Store
4de4bd833151aec9e5cd2088,Convention Center
4dfccd88a809d61e2fc10c62,Bus Station
4f65cad2e5e8ee9a9830e2f5,Gas Station / Garage
4b5e8743f964a520c39129e3,Coffee Shop
4b595d59f964a520318628e3,Convenience Store
4b87a458f964a52073c531e3,Coffee Shop
4d8754f1f1e56ea82fd0ad8a,Convenience Store
4b5a99e1f964a5203acd28e3,Temple
4be94eda9a54a593fce10a11,Grocery Store
50d438bd498e4a42be3b848f,Convenience Store
4ee097abf5b9120fe96b7048,Train Station
4b7b39c3f964a5201d592fe3,Park
4fc962bae4b0da170823a15b,Rest Area
4b653baff964a520ebe92ae3,Bookstore
4d0c0c715c46a093214206b4,Train Station
4b70255cf964a520d4082de3,Train Station
4b6ad173f964a520c5e12be3,Subway
4b48352df964a520194a26e3,Park
4c87044bf554236a43dcc955,Train Station
4b583c95f964a520084f28e3,Hobby Shop
4e7f4fe22c5bbc34f5209f59,Park
4be0f9f9a7380f47bd0a19b0,Mall
4bb9d655b35776b03e2fca01,Hobby Shop
4ba4ed73f964a52026c438e3,Road
4fd36e3ce4b0d43254b1aa81,Office
4e95986a30f82cbde9d9ca9b,Home (private)
4e8e46c70aaf1c9802af2ef4,Mall
4e50be57b61cf637a507dd8b,Coffee Shop
4f388117e4b017ad7c323f3b,Convenience Store
4b585584f964a520405328e3,Subway
4bd0eb4c77b29c7496d38b82,Train Station
4b7bc5d9f964a520996d2fe3,Mall
4b88b482f964a520c10932e3,Mall
4b5eeb10f964a520d99d29e3,Train Station
4c02384ccbd876b0c106f143,Convenience Store
4b5c30adf964a520e72629e3,Office
4bb5623c6edc76b039b82f1c,University
4b57f372f964a520174728e3,Ramen /  Noodle House
4b89a9d0f964a5201c4a32e3,Train Station
4c6f4253b5a5236a85e24c52,Convenience Store
4e4c76a1b0fb57f6f21f6470,Convenience Store
4cf354021c158cfab920ddb5,Ramen /  Noodle House
4b5547dcf964a520aae027e3,Ramen /  Noodle House
4b5c0b89f964a520412229e3,Train Station
4b166583f964a520acb823e3,Electronics Store
4b55c6e7f964a52087ef27e3,Train Station
4bedf6e44daaa593db8d8f61,Ramen /  Noodle House
4bdee4c317fdef3b31ab4e36,Mall
4b7df826f964a520c1dc2fe3,Train Station
4b53e2b4f964a520f9ad27e3,Mall
4b601bf9f964a5201cd629e3,Department Store
4d4e4a1cdb1b370449e90b1f,Office
4b569ce3f964a520b61628e3,Train Station
4b598a80f964a520bc8b28e3,Train Station
4b5dc174f964a520086a29e3,Train Station
4d3cbab214aa8cfa6b9cac5e,Bus Station
4b5a49f5f964a52085ba28e3,Hotel
4eb179c92c5bd95e89fcaa31,Mall
4b56da76f964a5200b1d28e3,Ramen /  Noodle House
4da0228d2305a35d06fdc5af,Mall
4b5e6edcf964a520798e29e3,Train Station
4f3b0f1ee4b0b0c4334be1ac,Platform
4b5fde71f964a5203fcf29e3,Light Rail
4f4a4ce6e4b0922ac71c8460,Bus Line
4bf77d894a67c928cad123cf,Convenience Store
4b585e65f964a520b45428e3,Mall
4b77d10cf964a52047ab2ee3,Mall
4bab2e78f964a5202e983ae3,Electronics Store
4baeeee8f964a520ace23be3,Mall
4b9aae75f964a5207dcc35e3,Multiplex
4b455eebf964a520840b26e3,Grocery Store
4e31c4312fb6ede816e39e9d,High School
4b97928bf964a520660935e3,Ramen /  Noodle House
4b792272f964a52099ec2ee3,Grocery Store
4d89d3807d4c548190fb5a71,Residential Building (Apartment / Condo)
4b587153f964a520f55728e3,Train Station
4b58009ff964a5204f4828e3,Clothing Store
4f18e49ee4b0bb77e5e5eecf,Train Station
4b59aacaf964a520ba9128e3,Train Station
4b47218ef964a520c22b26e3,Train Station
4cd4ebd967c7236a1a381077,Mall
4b78a332f964a52065db2ee3,Subway
4b64185df964a520c59e2ae3,Subway
4b4426d1f964a52018f225e3,Subway
440fee99f964a520b2301fe3,Rock Club
4f7660e0e4b06ff8353db6a7,Convenience Store
4bd3116da8b3a593faf6685f,Grocery Store
4b6d034cf964a52003632ce3,Ramen /  Noodle House
4b4dffcbf964a52095dd26e3,Train Station
4b0587f6f964a52002a922e3,Hospital
4b592f1ef964a520898028e3,Hotel
4c3ea125b0379521183b9ba7,Coffee Shop
4b5da1d7f964a520546429e3,Train Station
4c1660cb7f7f2d7febe1e368,Bus Station
4f3ec916e4b065204ad39e44,Gym / Fitness Center
4b4d7221f964a5206cd226e3,Residential Building (Apartment / Condo)
4b5bfcf2f964a520422029e3,Light Rail
4c42659ecc410f4716d0ac61,Convenience Store
4b89493af964a520922832e3,Ramen /  Noodle House
4b30d634f964a520fbfb24e3,Train Station
4c7fb31cd51ea143da4d5b9f,Ramen /  Noodle House
4c0f6b642466a5936f8c7a21,Road
4facff666d866e7143cac536,Park
4b56b4a3f964a520121928e3,Subway
4b5bfe34f964a5206c2029e3,Coffee Shop
4c1899236a21c9b6f136c997,Airport Gate
4b64d12ff964a52065d22ae3,Plaza
4ba0a9a4f964a520747637e3,University
4d6dee702c542d4322b575a6,Mall
4b57d0aaf964a5206a4228e3,Building
4b5fc115f964a52082cb29e3,Temple
4ba211a5f964a52087d937e3,Subway
4cbe446bb6c4224b2b71ec94,Convenience Store
4b68081ef964a5209c642be3,Ramen /  Noodle House
4b9158c9f964a52010b533e3,Plaza
4b713274f964a5202d3c2de3,Convenience Store
4c561e296201e21eaeda856c,College Academic Building
4cce9c5e2dc43704e06dd508,Cafe
4b29bcc2f964a5200aa324e3,Subway
4b739680f964a52017b52de3,Grocery Store
4bdee726ffdec9286d04eaa1,Convenience Store
4b615773f964a52092102ae3,Ramen /  Noodle House
4d4ccd27b1fa236af9828729,Arcade
50013dfde4b0ed54491d8152,Cafe
4b59625ff964a520af8628e3,Mall
4f46e093e4b05259387c340c,Train Station
4b5ebf30f964a520799729e3,Bus Station
4b809593f964a520c97e30e3,Grocery Store
4bb6921c1344b71369c09d04,Park
4b5907def964a5203b7928e3,Ramen /  Noodle House
4c3c50ec933b0f4741d5e321,Subway
4b58d4a6f964a520786d28e3,Subway
4b6e507ef964a520d6b72ce3,Mall
4b61688af964a52082122ae3,Ramen /  Noodle House
4c9458e182b56dcb2da7ceaa,Train Station
4f099355e4b039f5ae18b90c,Home (private)
4b5d62d5f964a520755b29e3,Bus Station
4ce4daaa4039b60c7e77c306,Arcade
4bd57c5b637ba5930b69f670,Cafe
4e1e88e8a809eb325ff12574,Hobby Shop
4b5a9dc8f964a520e7cd28e3,Ramen /  Noodle House
4e001447d22d5ec6f277556b,Japanese Restaurant
4fe430c7e4b08820ea1058af,Ramen /  Noodle House
4bd96194e914a593ef4c56fa,Train Station
4c280e373492a593b5e7b628,Mall
5000083ae4b049e4aba809ee,Platform
4bbe83af82a2ef3b208f2bd2,Subway
4b058799f964a5208c9b22e3,Hotel
4b9f4f7bf964a520fc1b37e3,Home (private)
50c00dd1e4b0c9670f084041,Bus Station
4b6f61e5f964a52024ee2ce3,Hobby Shop
50387ae3e4b05b4c7a983c3f,Bus Station
4bd7ca84f645c9b62ebea6e0,Bus Station
4b5ab6ecf964a520d4d128e3,Road
4b91d9ddf964a52093db33e3,Grocery Store
4b5e3ff9f964a520188629e3,College Cafeteria
50966024e4b0ad0d96424f52,Train Station
4ba015d3f964a520cf5837e3,Bus Station
4b8e2ee8f964a520a31a33e3,Train Station
4b80c273f964a520838a30e3,Bookstore
4db822f80cb6cc307a6cc92c,Platform
4df1ed61ae609e69dd92ec7e,Road
4b63aefaf964a520e38b2ae3,Ramen /  Noodle House
4dc80e89c65b89d3caad0a19,Fast Food Restaurant
4b63f137f964a52018982ae3,Hobby Shop
4bb6d18cef159c74ca9676f7,Smoke Shop
4b9e100ff964a520d2c836e3,Bridge
4ba5cae4f964a520962239e3,Grocery Store
4b5a9612f964a520a4cc28e3,Subway
4bc2fb1f920eb7136cca1c2c,Platform
4dbd67d6a86e0e98a1f9c33a,Road
4b6bd907f964a5205c1a2ce3,Mall
4c9fe1a00e9bb1f7e37df45f,Train Station
4b72a744f964a52042822de3,Ramen /  Noodle House
4cd298e43e0c8cfa47731812,Japanese Restaurant
4b73ecf6f964a52059c02de3,Building
4b5ef6eaf964a5202aa029e3,Residential Building (Apartment / Condo)
4c03c60c187ec928340fb67b,Arcade
4b35a0aaf964a5204a2e25e3,Department Store
4b70c1ebf964a520552d2de3,Coffee Shop
4b55513cf964a5207ce127e3,Office
4b57cc51f964a520a94128e3,Building
4ef8278a61af4546fee19e0d,Platform
4bb2bed24019a593e94937b8,Bridge
4b616ea4f964a52054132ae3,Bus Station
4b563d3df964a520ed0628e3,Mall
4b0587a1f964a5207f9d22e3,Temple
4bbc0272e436ef3baa2a5664,Coffee Shop
4b5a6ef2f964a520d3c428e3,Bookstore
4b6a9525f964a52044d92be3,Grocery Store
4eaf26ca7ee5df194f9a2ba2,Platform
4bb980431261d13a77afe998,Train Station
4ba46c7af964a5206f9c38e3,Mall
4b0587b4f964a52091a022e3,Rock Club
5131a727e4b0835c5f32ffaa,Train Station
4c33525a66e40f47b2c6c78b,Subway
4f9800a4e4b0367fa3232192,Subway
4b85c097f964a520f97031e3,Coffee Shop
4b89f90bf964a5208e5932e3,Home (private)
51aee8e4011c65be9b32c33c,General Entertainment
4b5d183af964a5205b5229e3,Movie Theater
4b3a7af4f964a520466825e3,Office
4b5ade90f964a5201ad828e3,Ramen /  Noodle House
4efd565ce5faf2869962f5e4,Subway
4eb4fd12775b544c2717f677,Platform
4fb63c68e4b0a090d00192ad,Home (private)
4b058815f964a520adb022e3,Mall
51359c31e4b0f440b30fcb33,Home (private)
4e5eb911a8090ec2164be56a,Convenience Store
4bd96d1711dcc928c4b2f933,Hotel
4bea3dd761aca593ef968300,Cafe
4b56b868f964a5207c1928e3,Bus Station
4b604664f964a52029dd29e3,Ramen /  Noodle House
4b57c1aff964a5207e3f28e3,Bookstore
4b9378caf964a5200f4534e3,Mall
4b553186f964a52039de27e3,Train Station
4ba30585f964a5203e2838e3,Park
4b566db8f964a520fb0f28e3,Ramen /  Noodle House
4b52d1bff964a520a38827e3,Train Station
4e28d93bd4c0e361d9e30bea,Bus Station
4ba6cba4f964a5202d7039e3,Train Station
4d7883d871a68cfa41a70686,Road
4b43e088f964a520f2ec25e3,Mall
4b8e5e0ff964a520291f33e3,Mall
4f84e4bde4b0ae40e119ebdd,College Academic Building
4b601c46f964a52024d629e3,Convenience Store
4b593d8df964a520aa8228e3,Mall
4b77736ef964a5203f9b2ee3,Train Station
4bc560b86a3e9c74f2d9f548,Convenience Store
4c9f1eead3c2b60cdbc7d1bc,Coworking Space
4c812bf6d34ca143edbc1f80,Gym / Fitness Center
4e4cb76018388d49816c33a8,Office
4d0499d537036dcb1efe11fb,Train Station
4b5a6c7bf964a5204ac428e3,Coffee Shop
50cbc7a6e4b0b76cd0443f94,Event Space
4b67f508f964a52017622be3,Train Station
4cc410efd43ba143e38264f8,Miscellaneous Shop
4b42733cf964a5202bd425e3,Mall
4b72ba65f964a520c7852de3,Ramen /  Noodle House
4baada7ef964a520848a3ae3,Hotel
4b88a6f1f964a520dd0632e3,Ramen /  Noodle House
4c088080340720a127578393,Train Station
4b0dfb78f964a520815323e3,Subway
4cf39a0e1d18a14381db60ec,Ramen /  Noodle House
4b63b737f964a520d18d2ae3,Coffee Shop
4e16ecc615202ba040b5128c,School
4bc04f2f4cdfc9b63cb49221,Ramen /  Noodle House
4b593477f964a520498128e3,Train Station
4c1735ba74fb20a1d4445112,Airport
4b5bb915f964a520431229e3,Train Station
4cbe677719ceb1f7ce8f1dcd,Office
4b64f608f964a52079dc2ae3,Ramen /  Noodle House
4b7fa333f964a520b53730e3,Arcade
4f5837a7e4b0c4529b455887,Hotel
50caff7ce4b0bd9090379276,Bus Station
4c4a4029bad7a593b07716aa,Road
4f34fd8be4b0ba1c47b5a36e,Train Station
4b5d76ecf964a520e25d29e3,Ramen /  Noodle House
4b55b89bf964a52026ed27e3,Subway
4b529a32f964a5209a8327e3,Shrine
4c2e9d423896e21e3da9e290,Train Station
4b2ce89af964a5209dca24e3,Train Station
4b565e9ff964a5208a0d28e3,Convenience Store
4b5a9334f964a52010cc28e3,Convenience Store
4e917657e5e8e9a917d2f2d3,Train Station
4be64095cf200f476870143c,Train Station
4bdeee9217fdef3b59b04e36,Ramen /  Noodle House
4f7beb41a17c0aa6dd3758d5,Road
4b676f9ff964a520da4e2be3,Train Station
4bf71333508c0f47f0423d31,Coffee Shop
4fa1e560e4b04db7bd659270,Cafe
4b605ff6f964a52071e229e3,Ramen /  Noodle House
4c7e642eb53db1f7f1cf9f11,Home (private)
4b7f74faf964a5209a2f30e3,Ramen /  Noodle House
4b7690e4f964a52040522ee3,Bridge
4bbd599d07809521af91da91,Japanese Restaurant
4d2acb09068e8cfab9e8dc4c,Platform
4b41367af964a5205dc325e3,Subway
4c80e15cd34ca14371b41c80,Office
4b5b3dc5f964a520a1ed28e3,Train Station
4e81a9b3775b16f4798c4943,Grocery Store
4b59d5bbf964a520eb9a28e3,Bookstore
4b6ce770f964a520c55c2ce3,Light Rail
4b663769f964a52063192be3,Mall
4f773051d5fbf3ef1f494b1b,Mall
4c12ec0b583c9c74f2573fa4,Ramen /  Noodle House
4bf0e1341f17ef3bc5da9bc8,Ramen /  Noodle House
4c987324671db60c045bb9f6,Nightclub
4b6248f3f964a5205b402ae3,Subway
4d9c348ae29854818296c742,Home (private)
4b2b58eaf964a520e5b524e3,Mall
4b628716f964a520764a2ae3,Hobby Shop
4b8137aff964a520dc9a30e3,Ramen /  Noodle House
4c6f5c63d7fab1f7ea6e5bc9,Miscellaneous Shop
4b9a4774f964a52033a935e3,Coffee Shop
4b867585f964a520f98a31e3,Record Shop
4f1055cae5e852ca73d9849f,Road
4b60182bf964a520aed529e3,Bookstore
4ba1c5b9f964a520adcb37e3,Concert Hall
4b5e891af964a520fe9129e3,Mall
4b9e14dcf964a520a0c936e3,Mall
4b5c0962f964a520ef2129e3,Train Station
4e1dc02bb61c7cb34d94df5f,Train Station
4b5428bff964a52072b327e3,Convenience Store
4f6ef2d6e4b0ca47b25a31a7,Train Station
4ba6f366f964a520757939e3,Convenience Store
4bfbd782d2b720a1537d336a,Train Station
4b4162b1f964a52016c625e3,Train Station
4c9abd309c66370477a15bfd,Ramen /  Noodle House
4b573f22f964a520172d28e3,Train Station
4e81d17de5fa553f167a6bb1,Japanese Restaurant
4ddf216e8877e0877e53991a,Mall
4b7b10b4f964a5205e4f2fe3,Rest Area
4dfea8bb813091f1e9c90f5e,College Academic Building
4d8c75aed1c7721e97b02ada,Ramen /  Noodle House
4c29d6dfed0ac9b67b4e62aa,Train Station
4b568358f964a5208d1328e3,Coffee Shop
4b1b455df964a52067fa23e3,Mall
4b80bdeff964a5208d8930e3,Bridge
4e62fec47d8b854089eb1555,Platform
4bb01a5ef964a52035373ce3,Ramen /  Noodle House
4b6fffe5f964a520d9022de3,Coffee Shop
4b2a21b9f964a5206fa524e3,Department Store
4f1af1a610813a18b211362e,Train Station
4bd712276798ef3bed20668d,Train Station
4adcda09f964a520dd3321e3,Train Station
4b05ffc0f964a52038e722e3,Mall
4bee92123686c9b641a2246e,Bridge
4b6cddaff964a520235a2ce3,Ramen /  Noodle House
4f272c87e4b061764707f8d2,Convenience Store
4b5053a6f964a520922027e3,University
4c36fcb4dfb0e21e14eaaba8,Subway
4b543a97f964a5200fb527e3,University
4b738f1af964a520f5b32de3,Grocery Store
4b5e5354f964a520b38929e3,Light Rail
4ba99aa8f964a520b3303ae3,Convenience Store
4be26bd021d5a59358981611,Convenience Store
4b78c1cef964a52009e12ee3,Ramen /  Noodle House
4b58d692f964a520f66d28e3,Subway
4b5e7065f964a520be8e29e3,Bar
4b5edb9bf964a5202f9b29e3,Grocery Store
4b7b631af964a5204d612fe3,Mall
4bf73c8a5efe2d7f6abc6834,Ramen /  Noodle House
4b7caaeff964a52034a02fe3,University
4eff2bcab8f787cad071dce0,Grocery Store
4af833a6f964a5205a0b22e3,Airport
4cb7f8a390c9a143b7ee7bd6,Mall
4e072e6d7d8b2a018058e040,Train Station
4b52ad6cf964a520c18527e3,Electronics Store
4b4fa5d9f964a5200f0f27e3,Train Station
4b55c6faf964a52088ef27e3,Train Station
4b664b6ff964a520ba1c2be3,Ramen /  Noodle House
4b698fc3f964a5206ea72be3,Electronics Store
4d6711fd8f70a093f02e0f35,Road
4d9c4c67b75a721e987d67c1,Ramen /  Noodle House
4b544446f964a52004b627e3,Grocery Store
4c9b3b59eaa5a143b7c6d2e4,Drugstore / Pharmacy
4c50e687250dd13af6ee507c,Mall
4f49ec06e4b0b8ab47fbde29,Building
4bf60e1b9abec9b6db4725e8,Japanese Restaurant
4b812ecaf964a520a49930e3,Fast Food Restaurant
4b5d20daf964a520bc5329e3,College Academic Building
4b0587b4f964a5209ea022e3,Nightclub
4daeb47ff7b17488f49620f2,Grocery Store
4f97d2a6e4b0b093e48373bc,Train Station
4b73efdff964a520d7c02de3,Cafe
4e0cb7bb45dd7a490b09a418,Office
4b679dcff964a520ef572be3,Grocery Store
4e897262e5fa04b6b0a26b32,School
4e8fd2e62c5b7295bb9c3d94,Road
4bb9be08cf2fc9b615b7a002,Nightclub
4f6ff733e4b0f83967cea8d2,Coffee Shop
4b54eacdf964a52009d327e3,Train Station
4c650d55d02b20a1677d9c90,Road
4b55466cf964a5208ae027e3,Japanese Restaurant
4b565633f964a5200b0c28e3,University
4d29f688c406721e8ea87fb6,Automotive Shop
4bd9a8530115c9b6b20e7880,Road
4b54ddbbf964a5206fd027e3,Cafe
4e22273d62e1964dbb6f45c7,Bridge
4bac075ff964a5203bdf3ae3,Electronics Store
4da4f55f4b22546389c544d7,Train Station
4dcdabf8b0fb25f6e330726d,Rest Area
4bdd24824ffaa59344ed6ef7,Coffee Shop
4bb1540ef964a5209e8c3ce3,Mall
4b584c3ef964a520955128e3,Japanese Restaurant
4bf5fbf694b2a59343cfacee,Coffee Shop
4b72754af964a520727b2de3,Subway
4c08fff97e3fc9283025f182,Mall
4b5d6871f964a5201d5c29e3,Bridge
4dc5d50745dd2645527bdd6f,Train Station
4c0632ac5753c928977e3af1,Parking
4bb7434d6edc76b08cf0311c,Rock Club
4b54ed75f964a52093d327e3,Train Station
51317633e4b02e87ffcfba5b,Convenience Store
4c3192176f1fef3b4a09ec3d,Mall
4de5195118385df2b063bb08,Office
4ff7eddce4b0aeae9ec00778,Train Station
4b5983faf964a520ca8a28e3,Ramen /  Noodle House
4ee415bdb8f790fe3f7af652,Subway
4fed2e04e4b05dce397e5134,University
4b6fcb1af964a520cafc2ce3,Bridge
4b7a11e8f964a520ac212fe3,Ramen /  Noodle House
4dba466b6e815ab0de4ee32a,Electronics Store
4ef2eba80e617e29c7a26ca8,Subway
4f0d62e1e4b0254b4cacb27c,Office
4b179faff964a520b1c623e3,Mall
4c9272839199bfb7e3a814df,Hobby Shop
4b1f4464f964a520372524e3,Train Station
4bce9d18fb84c9b64b25243e,Mall
4b5e5c54f964a520468b29e3,Chinese Restaurant
4b7a716df964a520012d2fe3,Subway
4b5be879f964a520c21c29e3,Mall
4b6b8acaf964a520e00e2ce3,Electronics Store
4b4dbecef964a520acd626e3,Bar
4b83b29ff964a520460d31e3,Ramen /  Noodle House
4d87295c40a7a35d82fc41be,Playground
4bc0210c4cdfc9b6ca8b9221,Light Rail
4e98110d77c8d1cccb8ec2bc,Office
4b64e689f964a52091d82ae3,Train Station
4b876dd3f964a52007bf31e3,Coffee Shop
4b7fd457f964a520ad3f30e3,Theater
4e01b793d4c0836163dc66bb,Train Station
4f5d61fee4b085f52f100b6a,Train Station
4b96dde2f964a520fbe934e3,Platform
4b626703f964a52019462ae3,Building
4b65fc04f964a520970c2be3,Train Station
5021a9ed64a4363fdfd20ff3,Road
4d523b2e3626a093328d2cbd,Platform
4f0d6f40e4b045a5c32237c2,Bridge
4b21c071f964a5200a4124e3,Train Station
4e5f36a3ae60c16e993ee5df,Platform
4c3c815c980320a1f4b88ae4,Rest Area
513656cee4b0bb44a740f1c8,Bus Station
4b6ec3a3f964a52085c92ce3,Train Station
4b5960e0f964a520838628e3,Furniture / Home Store
4bc95ad93740b71323b45e65,Train Station
4bf8eb0a5efe2d7f6c886b34,Convenience Store
4b27104df964a520898424e3,Ramen /  Noodle House
4b59b9fef964a520d79428e3,Subway
4c04e8af39d476b01f0a32a7,Coffee Shop
4ca9fbb344a8224b31822640,Coffee Shop
4c425ff1ce54e21ed6a50c1a,University
4e472e737d8b91a0659a56e7,Park
4e05e4dfb3ad23ff53ff41a2,Home (private)
4b567919f964a520f81128e3,Train Station
4f3c9218e4b02fa0cf563163,Convenience Store
4d78dcdbd05160fca5b480ca,Japanese Restaurant
4b563d50f964a520f00628e3,Train Station
4d892b80f607a0938928e586,Mall
4b616b94f964a520ea122ae3,Ramen /  Noodle House
4b750e94f964a52084fc2de3,Mall
4fd3faa0e4b0b916ea82cd7e,Japanese Restaurant
4f07b695e4b0e89079dc7bb9,Train Station
4b5d4b96f964a5200d5929e3,Mall
4b55c56ff964a5203cef27e3,Ramen /  Noodle House
4dc123c8d22da0153347e926,Ramen /  Noodle House
40f1d480f964a5206a0a1fe3,Art Museum
4b624173f964a520db3e2ae3,Train Station
4b6e6c17f964a520e3bc2ce3,Mall
4b600990f964a520e3d329e3,Train Station
4bede54c946c0f475021a363,Bus Station
4ba1c87ef964a5201ecc37e3,Home (private)
4b6bd2b0f964a520aa192ce3,Train Station
4bda23da2a3a0f4775ffa9b6,Grocery Store
4b603ca1f964a52055db29e3,Ramen /  Noodle House
4b20cd84f964a520b53424e3,Mall
4f9907a9e4b0b41ef3307559,Cafe
4badc9a0f964a52039693be3,Electronics Store
4b6e0e26f964a52001a72ce3,Convenience Store
4f97cd42e4b0d508e6bf9cb6,Convenience Store
4b5aade9f964a5208bd028e3,Bridge
4b64e58af964a5203fd82ae3,Fast Food Restaurant
4c22fc3e13c00f47196888de,Ramen /  Noodle House
4b739352f964a520a3b42de3,Mall
4b57f8e0f964a5209e4728e3,Japanese Restaurant
4b88d13ef964a520cb0e32e3,Train Station
4b966050f964a520dac834e3,Bookstore
4bce3839ef109521c1c38386,Train Station
4ba348b7f964a5203d3338e3,Mall
4b6e43c5f964a52010b52ce3,Ramen /  Noodle House
4b63a4bff964a5204f892ae3,Concert Hall
4b64dee8f964a52055d62ae3,Mall
4b72772ef964a520ac7b2de3,Subway
4b59a13ff964a520cf8f28e3,Coffee Shop
4bebe39a18389521e1ff0acf,Train Station
4b591079f964a520d07a28e3,Bridge
4c386b8eedba95210e13d625,Home (private)
4b986f7ef964a5201a4235e3,Road
4b63de99f964a52017952ae3,Electronics Store
4b67dbd9f964a520735f2be3,Convenience Store
4b6ebbb6f964a52033c82ce3,Home (private)
4c806285dc018cfa1c7bbc6c,Residential Building (Apartment / Condo)
4bf81aea4a67c92841c324cf,Platform
4b371c9df964a520863f25e3,Mall
4beb66876295c9b69cc28708,Building
4db60e5f0437fa536a4f015d,Other Great Outdoors
4c2316b999282d7fab2268b0,Bookstore
4ce66122e1eeb60c9f5896ae,Mall
4b74c76ff964a52096f12de3,Coffee Shop
4bf22cfd99d02d7fe6fac948,Bus Station
4dfdafe17d8b3050801931f0,Bus Station
504bfe67e4b006c43612accd,Ramen /  Noodle House
45f555cef964a5200e441fe3,Airport
4bddef4ce75c0f472e33c603,Theme Park
4ccec1f6ee23a14391d92da8,Train Station
4eac8a7da17c199864c26523,Grocery Store
4b9c65b7f964a520a56536e3,Road
4c43a2a12d3ec9b602dd2dae,Platform
4bf5005098ac0f47639864a8,Train Station
4e9685f42c5be852fefb1318,Cafe
4db3ace743a1369cb5aa3570,Mall
4bb6c5f76edc76b01184311c,Event Space
4eae09bef5b936710bbe2713,School
449ee958f964a520c4341fe3,Park
4f261ac2e4b0a93fc098be7d,Home (private)
4e9c1ae96d86e2007a208907,Platform
4b5be55ff964a520281c29e3,Art Museum
4c5776e215a39c74004f3eb9,Event Space
4f165e84754a4f43c4b12624,Mall
4b59dfbaf964a520819d28e3,Ramen /  Noodle House
4c02ea92187ec92861f5b47b,Fast Food Restaurant
4b543c80f964a5203ab527e3,Train Station
4ed461f8469098aefef09bf8,Bridge
4e816578722e6ca6cc9c37e4,Monument / Landmark
4ba4629df964a5200f9a38e3,Monument / Landmark
4e89ea1f0039ffaff403cf1a,Bookstore
4b963710f964a520ecc034e3,Ramen /  Noodle House
4b9b4054f964a52059fc35e3,Theater
4b5c3e67f964a520642829e3,Clothing Store
4bdbaf7d63c5c9b62b542968,Library
4e76f84cd4c09344728e5aa7,Platform
4b0587a5f964a520309e22e3,Building
4b752193f964a520c8fe2de3,Subway
4b68da16f964a5201b902be3,Department Store
4bb200cbf964a5200fb13ce3,Bridge
4bcc3d4468f976b0963a6283,Cafe
4b593483f964a5204d8128e3,Ramen /  Noodle House
4b5ccf5bf964a520214529e3,Train Station
4c3826dcae2da5930f4200c6,Train Station
4b571e9ef964a520252728e3,Road
4d128b091f95236ab7b43e06,Toy / Game Store
4e553a4fe4cd76151a47809b,Home (private)
4b583562f964a5201f4e28e3,Train Station
4b64f885f964a520fedc2ae3,Ramen /  Noodle House
4bb07218f964a520f8453ce3,Train Station
4b5c6af1f964a520df2e29e3,Train Station
4f2cbc7ae4b0620355de2327,Subway
4e65fe028877954de9acd8bf,Monument / Landmark
4e6ad547d4c01ce017c2553a,Miscellaneous Shop
4bd1b25b046076b03e3f7271,Train Station
4e3e200745dd68e32743b3d6,Arcade
4b5a8836f964a52015ca28e3,Hotel
4b557654f964a520eee427e3,Building
4b8289fff964a52056d730e3,Ramen /  Noodle House
4b8f6933f964a520c85333e3,Subway
4d875f4011da6a31e5dcd162,Bookstore
4d57b6598147f04d24c39954,Convenience Store
4bf5b0904d5f20a188ee97fe,Convenience Store
5090ebe0e4b0e439372f9fdc,Japanese Restaurant
4badc509f964a52021683be3,Train Station
4b62b00ff964a520004f2ae3,Platform
4b149974f964a52000a523e3,Hospital
4c6e4beee6b7b1f7c72dac8e,Subway
507201f6e4b0fee14b0eac63,Coffee Shop
50d0616ee4b0c5a89cbfdd7d,Train Station
4b55bbd2f964a520a1ed27e3,Train Station
4df9e1e0c65bde78179bcc7d,Cafe
4b6a4f2df964a520b0d12be3,Convention Center
4beb7b0661aca593a12e8500,Mall
4b52966cf964a520328327e3,Event Space
4d7473b0ed838cfa2f670e6b,Platform
4cd38695ecc3a0934e109b93,Coffee Shop
4b058652f964a520175c22e3,Mall
4ffb6009e4b0d7e0a905161c,Platform
4eedc475f9ab8c5a020a29fc,Train Station
4d19be53721360fc7be12c51,Home (private)
4eabae952c5b5d71e7534094,Train Station
4b767d40f964a520ad4e2ee3,Rest Area
49ef2af5f964a52084681fe3,Residential Building (Apartment / Condo)
4d733296946b6dcbb422497a,Bus Station
4b582addf964a520b84c28e3,Bookstore
4b5bb76af964a520d11129e3,Bookstore
4c5ace842091a593de3460d0,Office
4b8242ecf964a5206ace30e3,Subway
4f9e7be9e4b0e1cb008f9068,Rest Area
4b6a0d31f964a5205bc42be3,Office
4b9ad0f5f964a52097d835e3,Subway
4b59d729f964a520449b28e3,Ramen /  Noodle House
4b580351f964a520964828e3,Monument / Landmark
4b5aa6d6f964a52082cf28e3,Train Station
4b5d5127f964a520ac5929e3,Train Station
5110b608e4b016e0d27807dc,Home (private)
4bb00488f964a52007323ce3,Airport Gate
4b6e64abf964a5208abb2ce3,Department Store
4b64e72ef964a520b9d82ae3,Grocery Store
4f42285ee4b062d5cd7bce9c,Ramen /  Noodle House
4b5d999cf964a520006329e3,Train Station
4b9c4b03f964a520b35c36e3,Train Station
4b637ec7f964a5204f7e2ae3,Coffee Shop
4bf33d4294af2d7fad523972,Train Station
4b6d36b0f964a520cc6b2ce3,Rock Club
4b594201f964a5202b8328e3,Grocery Store
4b56d0a8f964a520f01b28e3,Train Station
4b681ef7f964a5200a682be3,Train Station
4b558ecaf964a52061e727e3,Mall
4bffbf3892a6c92850ff42e2,Miscellaneous Shop
4c676a01b80abe9aaf3cd0e5,Hobby Shop
503381ebe4b0412b100e2d1e,Cafe
4be12c19c1732d7ff9675b9a,Arcade
4ba85db1f964a52035d839e3,Mall
47c547b8f964a520eb4d1fe3,Italian Restaurant
4e58678dd22d61e8f3492755,Ramen /  Noodle House
4d9878a5647d8cfaf484ef3d,University
4b55c9b6f964a52006f027e3,Subway
4b87b893f964a520a6c831e3,Train Station
4bd4f41e637ba59341d0f570,Office
4b6017cbf964a5209cd529e3,Subway
4e93d1ff5503852c34c840c1,Coffee Shop
4b7f5c0ff964a520df2930e3,Restaurant
4b05879af964a520bb9b22e3,Hotel
4c26cde1f1272d7f665387c5,Ramen /  Noodle House
4b88d6d3f964a520de0f32e3,Toy / Game Store
4b568af6f964a520971428e3,Hotel
4b8a02f4f964a5208e5b32e3,Convenience Store
4d0b679127f8a35dd3b42b13,Airport Terminal
4b0588d2f964a52099db22e3,Mall
4b64fc69f964a520e8dd2ae3,Subway
4b0587b9f964a52045a122e3,Mall
4b5ee266f964a5204f9c29e3,Light Rail
4c40138ccc410f477f21a961,Train Station
4b983e56f964a520c63635e3,Mall
4b76b219f964a52002592ee3,Hotel
4b9da835f964a52098b836e3,Coffee Shop
4b6e2596f964a520b7ad2ce3,Subway
4c36f6a552dfef3babeaee70,Road
4b6ad608f964a520abe22be3,Ramen /  Noodle House
4d37c2fe3d958cfa8f3bac71,Convenience Store
4b566e02f964a5200a1028e3,University
4fdd6a0be4b0654045e4d4e9,Miscellaneous Shop
4b5e7e9cf964a520d09029e3,Train Station
4b61074bf964a520c5062ae3,University
4ba94ec3f964a5206b1d3ae3,Train Station
4b572d6df964a520a82928e3,Train Station
4de9b24a1f6e3ddebdb9544f,Park
4bdf3e78ffdec928d53beba1,Bus Station
4b6bc74ef964a5203b182ce3,University
4d0dcfc2d515236ace840f4b,Nightclub
4ddca55122713339cd1aedd7,Office
4ed749d99911b345bde6a20d,Grocery Store
4f1a289ae4b0065cb97c7299,Platform
4bcf0457ef109521fbee8486,Subway
4c00d6c1379020a1fc1e477f,Home (private)
4c881539584c76b01529e758,Platform
4a021207f964a52029711fe3,Hotel
4bf65a2794b2a593c848adee,Subway
4bb6e94f941ad13a9b2620e3,Coffee Shop
4dd744daae60680f1503a3d9,Convenience Store
4daae7380cb6a89c627767bf,Home (private)
4d181cd86c8b54819646efcc,Subway
4b762b91f964a5205c412ee3,Train Station
4c8e18441992a1cd467edafb,Other Great Outdoors
4f3e8288e4b00c683d6214f4,Office
4be5e4e4477d9c7486b5e62d,Mall
4b73502df964a52001a82de3,Subway
4b9f13c7f964a520b31237e3,Convenience Store
4bc0ae4cf8219c74aff2b110,Home (private)
4b6bd565f964a520f6192ce3,Train Station
4e879c0d30f83936723dbfbe,Train Station
4bb994b8935e9521453a2790,Train Station
4b63ea8ef964a520f9962ae3,Fast Food Restaurant
4b5a8e48f964a5202dcb28e3,Ramen /  Noodle House
4b68e75bf964a5206e922be3,Convenience Store
4c0735982e80a593c46075f9,Bookstore
4ca51a49a6e08cfaf2306e94,Bridge
4be761ff2468c9282d790243,Train Station
4df0a57c1f6ea135c65ba8a7,Electronics Store
4d84a5f8f9f3a1cde8a3b964,Ramen /  Noodle House
4b598dd2f964a520488c28e3,Train Station
4f59c04fe4b0357e5cf78362,Convenience Store
4b6a937cf964a5200fd92be3,Subway
4bdfd4abe75c0f475b6ecc03,Grocery Store
4b597b07f964a520af8928e3,Road
4cd7643e67adf04d05473891,Coffee Shop
4b5a97fff964a520eecc28e3,Platform
4b7f64f4f964a5201b2c30e3,Coffee Shop
4bb2a89e715eef3bbd9385bb,College Cafeteria
4c3ae82bbe4620a111750b13,Ramen /  Noodle House
4b61711bf964a520b1132ae3,Hobby Shop
4de9efab1f6e3ddebdbe9ae2,Mall
4b5e62abf964a520758c29e3,Japanese Restaurant
4de3149a52b1d38d297e9bf4,Building
4cd3b9396be6a1436b3e9602,Train Station
4af59b56f964a52040fa21e3,Building
4b580234f964a520764828e3,Subway
4b6aa721f964a520ddda2be3,Coffee Shop
4b64e4f7f964a52012d82ae3,Fast Food Restaurant
4d85e73240a7a35dd5fc29be,Ramen /  Noodle House
4b8c878df964a5204ad532e3,Ramen /  Noodle House
4b42e759f964a520d0da25e3,Multiplex
4d7c639c7498a1cd29647dfc,Grocery Store
4bf4d6b0ed30b7135525f49a,Home (private)
5090d2dae4b00a947891cd0d,Train Station
4be8fe38e1b39521894821c1,Building
4c2565dd136d20a1499ee361,Train Station
4b72939ff964a520137f2de3,Mall
4b5a7ca1f964a520e4c728e3,Ramen /  Noodle House
4b7661f7f964a5204a4a2ee3,Grocery Store
4cd3877b558a3704b3f3c1a6,Train Station
4bcc6346fb84c9b6f63e203e,Burger Joint
4fb5ba6be4b05ee27ddb27ff,Ramen /  Noodle House
4d678608a88a6ea8711be472,Home (private)
4be6b2832468c9287c970143,Rock Club
4bbdfdfdf57ba59356baaeb9,Convenience Store
4dbe36e243a1d8504bb93ad7,Mall
50a495d8e4b091f48e8d005b,Convenience Store
4d1e91b516cfb60ca8f44961,Cafe
4b5970dbf964a520568828e3,Grocery Store
4b639c84f964a520ec862ae3,Mall
4b72aa09f964a520c4822de3,Subway
4b56b926f964a520901928e3,Train Station
4ebc84c2d5fb1fb0d8e9dfd4,Cafe
4bc903fecc8cd13a44e1bacf,College Academic Building
439ec330f964a520102c1fe3,Airport
4ed087a40e01f1a87ffd8e1f,Record Shop
4b59aa16f964a5208f9128e3,Train Station
4b57d5d3f964a5203d4328e3,Train Station
4b43587ff964a520cade25e3,Mall
4b5848c9f964a520f05028e3,Train Station
4b5d906df964a520a96129e3,Mall
4b766428f964a520a74a2ee3,Subway
4b572499f964a5200e2828e3,Subway
4e6daae214955284ba5d867f,Smoke Shop
4d50f5ef9b27721ef010b346,Temple
4b729b92f964a52062802de3,Arcade
4b5648e6f964a520400928e3,Train Station
4b5f8b98f964a520b0c029e3,Mall
4e3531bd14952ff6cbc55324,Arcade
4e4e6c1418a8af30fd7606e7,Convenience Store
4efab6659adf7bbf8b88a387,Train Station
4c67ce5019f3c9b66eafa3ff,Sake Bar
4e2b99b0aeb745b1fac5fd3a,Coffee Shop
4b5cf01cf964a520a14b29e3,Train Station
4d3513eec6cba35d1876397a,Hotel
4b618553f964a5209a162ae3,Arcade
4b30af75f964a520e3fa24e3,Train Station
4f1b162ae4b07beffd99e43d,Grocery Store
4f05a0a1f790d4c1a2cf4a29,Building
4d8c6c743753548142db5056,Train Station
4b5e638ef964a520a58c29e3,Park
4d5fd26b5c39b1f7de4ffc49,Shrine
4e31358aaeb7d41efd92216d,Ramen /  Noodle House
4e214d9a22717a5245c9838d,Plaza
4e3b4741fa764553759bc8e7,Historic Site
4b6fd2d1f964a5207efd2ce3,Train Station
4b625baef964a52011442ae3,Train Station
4cfdeeced8468cfa4704036c,Hobby Shop
4de959c9d22d09215a348003,Convenience Store
4cadd4e12303a1435486e9f0,Train Station
4dffc5ed7d8b6151fbd4cc0b,Train Station
4b286109f964a520ee9224e3,Train Station
4b87392af964a52038b731e3,Subway
4c6f62d3b5a5236a974a4d52,Hobby Shop
4ca28de1d7c337048e8b9962,Grocery Store
4d9ed999fca1b60c522db150,Arcade
4feace96e4b098790482c48e,Bus Station
4b639ddbf964a52045872ae3,Arcade
4b5bdc3df964a520401a29e3,Mall
4f92059cd5fb58a2826d8660,Train Station
4b6d1a14f964a520ed662ce3,Train Station
4c654fcb5e61d13afd83bb85,Convenience Store
4b60fd09f964a520da042ae3,Park
4f3cfab26b74860ef9f8f777,Train Station
4dec474b22713dd973c3927c,Convenience Store
4b6a03aff964a520d4c12be3,Subway
447bf8f1f964a520ec331fe3,Art Museum
4b7be282f964a5201b722fe3,Convenience Store
4bc90e00511f95214913adc7,Airport Terminal
4b63ed0af964a52059972ae3,Park
4b0e60adf964a520305723e3,Train Station
4c7f8a64d860b60c480f619d,Monument / Landmark
4b735f35f964a52037ab2de3,Subway
4bdaac55c79cc9289f5d7fe9,Mall
4c01d316f99620a1dd3e2504,Coffee Shop
4b583e1bf964a520464f28e3,Electronics Store
4c760d5f604a3704db818449,Japanese Restaurant
4b87b3daf964a520dcc731e3,Office
4b653e8ff964a5205cea2ae3,Grocery Store
4f60b2c8bb3d79729d1f806b,Ramen /  Noodle House
4dc8a6077d8b549a55f43a55,Train Station
4e746395aeb780be09bbe9f7,Train Station
4b5a75e7f964a52085c628e3,Multiplex
4ebb5930b803cf8e0e92a672,Bridge
4b5acc1ff964a52009d528e3,Mall
4b94ebd7f964a520e58734e3,Office
4f1f5dcee4b0a6210fdc69f8,Coffee Shop
4b716fa3f964a52090462de3,Train Station
4b77a2f9f964a52003a52ee3,Shrine
4d330bf1c6cba35d2c12277a,Park
4be817ce6af1ef3b859c1b96,Automotive Shop
4b559f6df964a52078e927e3,Train Station
4b77bb92f964a52095a82ee3,Shrine
4b64fbabf964a520acdd2ae3,Bookstore
4b9cf70ff964a5203e8536e3,Subway
4cf5064b7e93f04dc6666069,Train Station
4b5aab97f964a5202ed028e3,Mall
4bc81e6914d79521989368e9,Grocery Store
4b5dff6af964a520417829e3,Train Station
4b728e95f964a520567e2de3,Subway
4c441f5574ffc928941775cc,Arcade
4bc43a9d920eb7130d751e2c,Grocery Store
4b7665e3f964a520f24a2ee3,Mall
51494c9ce4b072d7d84d26de,Electronics Store
4cafe7d1c5e6a1cdba04d1f6,Grocery Store
4b747b32f964a52029df2de3,Grocery Store
4b5ed8dff964a520cf9a29e3,Subway
4b5ef312f964a520459f29e3,Subway
4b505307f964a520832027e3,Mall
4f9875cae4b0d1730d18fc06,Ramen /  Noodle House
4b58b557f964a520ba6628e3,Rest Area
4bd918122e6f0f47a6c60908,Hobby Shop
4b2af991f964a52029b324e3,Ramen /  Noodle House
4b96079cf964a5209fba34e3,Ramen /  Noodle House
4c691184d7b7ef3bc312c35d,Subway
4b6811b3f964a520ff652be3,Arcade
4b8cd0bcf964a520eedd32e3,Mall
50729d07e4b07e253d512c49,Grocery Store
4b73c61ef964a52071bb2de3,Grocery Store
4b746edbf964a5204fdc2de3,Road
4c141893a1010f47c2e64b18,Plaza
4f92741de4b015eb3ce76744,Home (private)
4d4f27c5f6acba7ab411f7b5,Arcade
4b6e3b03f964a5201bb32ce3,Train Station
4b903f77f964a520c57e33e3,Bike Shop
4e6e9f18d4c0caa10847c10a,Airport
4b63f4c0f964a5209b982ae3,Subway
4e2119241f6effe84f6e3ad6,Road
4b54dec3f964a520a8d027e3,Garden
4e49d24b2271ac3f6bcdfddb,Light Rail
4c288f70ed0ac9b62f5660aa,Grocery Store
4b8b898df964a5203aa232e3,Ramen /  Noodle House
4b6c4472f964a520b72c2ce3,Convenience Store
4b281579f964a520bf8e24e3,Train Station
4c60b30113791b8d8b5850af,Home (private)
4b56e2def964a5202d1e28e3,Train Station
4b806f26f964a520f57130e3,Grocery Store
4fa8729ce4b0f0ac1d5eef81,Mall
4b2df016f964a5201adc24e3,Subway
4ba3005af964a520312738e3,Convenience Store
4b80b38ff964a520238730e3,Train Station
4d72df910d0ca14391c0b083,Department Store
4e9c1e2ed3e3697fc078dee9,Mall
50efabd5e4b06592caace5ed,Mall
50a64d8a7ab49088bffa94c4,Office
4dcc67deb0fb44b81e45b239,Train Station
4b8d9e1ff964a520830433e3,Grocery Store
4fa5c748e4b063f122708c1f,Platform
4b21c0def964a520104124e3,Train Station
4c302fd53896e21ef548e590,Mall
4b756707f964a520830a2ee3,Japanese Restaurant
4b493d7cf964a520226b26e3,Fast Food Restaurant
4bb56cff1344b713b75a9c04,Train Station
4d4f7ca4e02754817b6d97b6,Train Station
4bc8538f15a7ef3bded17ada,Subway
4b924b93f964a520a6f033e3,College Cafeteria
4b638188f964a5203e7f2ae3,Convenience Store
4c1ee1f1920076b03c15c4e9,Road
50021a9fe4b0ed54498a8615,Train Station
4f220e44e4b0085e478714d2,School
4b5c3346f964a5202a2729e3,Cafe
4ba4b64df964a5204eae38e3,Cafe
4d3827b3fe80a1cd951b829f,Ramen /  Noodle House
4b89d2fef964a5203a4f32e3,Ramen /  Noodle House
4c3bc652be4620a108e20c13,Furniture / Home Store
4c64a19be0c4be9af8308658,Grocery Store
4bdbf143f1499c74a65d38f3,Mall
4bb497cd15809c74877f1fdd,Train Station
4b559ed1f964a52064e927e3,Ramen /  Noodle House
4b4c888df964a52062b526e3,Office
4c3c55255418897cf2990803,Drugstore / Pharmacy
4b541c27f964a52080b227e3,University
4b132d4af964a520249523e3,Train Station
4b9c7e29f964a520496c36e3,Subway
4b08e419f964a520281323e3,Residential Building (Apartment / Condo)
4b5b0560f964a52043df28e3,Train Station
4b80f16ef964a520cb9230e3,Coffee Shop
4b93710ef964a520024434e3,Ramen /  Noodle House
4b567408f964a520fe1028e3,Train Station
4dfa6d9f81dcd7ecc37e07b3,Gym
4c20b8b14d4a20a1d6209b70,Home (private)
4ed6f1419adf06cbf619d0de,Grocery Store
4b765f93f964a520dc492ee3,Mall
4b5d879df964a520416029e3,Ramen /  Noodle House
4e5e382918a8c46e08321768,Office
4b5eab1ff964a520639529e3,Subway
4be6c7ba2457a593ff1ead15,Subway
4b496456f964a520f16e26e3,Ramen /  Noodle House
4ca12e2146978cfa3612ba7f,Train Station
4ed223c1d3e3521ce7bf2c99,Hotel
4b74a6a7f964a5203bea2de3,Coffee Shop
4f3dfa01e4b0a4b0825dbe5d,Park
4ba1da6df964a52025cf37e3,Mall
4d9c4fba3b955481e2cefbe6,Nightclub
4b619299f964a52045182ae3,Road
4dd86e71e4cd37c893c5c0b2,Train Station
4b65464df964a52080eb2ae3,Mall
4be64b5e2457a593d2c2ac15,Parking
4b7221cdf964a52043702de3,Convenience Store
4b6a2427f964a520e5c92be3,Ramen /  Noodle House
4b83b62ff964a520d50d31e3,Train Station
4e2e5bde81dca4453d6068f5,Italian Restaurant
4b60debbf964a520cdfe29e3,Coffee Shop
4ce610d8e1eeb60c53db94ae,Home (private)
4b977a51f964a5204d0535e3,Train Station
4b5cdb2df964a5209b4729e3,Train Station
4d09968a8ea0a143ed7fe173,Ramen /  Noodle House
4b78a5cef964a520e1db2ee3,Airport
4b5d31e8f964a5202d5629e3,Convenience Store
500398c0e4b04575fea906c5,Japanese Restaurant
4e281ffab61c9d28cbf11873,Convenience Store
4ec8ad3d0e6158ba000683a4,Grocery Store
4b5ebd34f964a520419729e3,Ramen /  Noodle House
4b769212f964a5207e522ee3,Arcade
4e1f80e61f6effe84f5d6323,Cafe
4fb36c1de4b0d8fe9642bf98,Platform
4b7e7a93f964a520c4ee2fe3,Convenience Store
4bca75f9511f95212bf4afc7,Subway
4b64cd6ff964a52043d12ae3,Ramen /  Noodle House
4b47b936f964a520f53b26e3,Subway
4b5815b8f964a5207a4a28e3,Coffee Shop
4ef480108b812e39d5ab4343,Train Station
4c6e6b7406ed6dcb4b8aa622,Fast Food Restaurant
4b5865acf964a520ee5528e3,Subway
4b7f67e5f964a520d82c30e3,Mall
4b6131ebf964a520910c2ae3,Electronics Store
4ea09781754ae603f56921f9,Drugstore / Pharmacy
50bdd0d8e4b0315f7d5114be,Train Station
4e4788cf62e148603b81d924,Japanese Restaurant
51f25085498e896ad5191848,Home (private)
4ee6a4ebe30005f8b9ef8e44,Office
4b5a8444f964a5203ec928e3,Office
4e5e0a87e4cdfc603ed4f187,Convenience Store
4b7b01f4f964a520bd4b2fe3,Convenience Store
4da160fab1c937041678cda1,Ramen /  Noodle House
4b7fa762f964a520693830e3,Ramen /  Noodle House
4bf0ea781f17ef3b3edc9bc8,Gym / Fitness Center
4bcab1ab3740b713365b6165,Train Station
4e5075afd164978659da0746,Building
4b8efd6bf964a520104333e3,Mall
4be543152457a5936047ab15,Fast Food Restaurant
4b6b6276f964a52020052ce3,Grocery Store
4dc4da67d164eb9c9fe0c575,Platform
4b87c5eef964a5204dcb31e3,Arcade
4ba4ba25f964a52097af38e3,Residential Building (Apartment / Condo)
4f6a1951e4b048b919f7f00e,Home (private)
4e52d8bcb0fb6c58cf2598a7,Electronics Store
4b7536bef964a52057012ee3,Coffee Shop
4b5be43ef964a520f21b29e3,Bike Shop
4b56ca5af964a520491b28e3,Building
4b7769fcf964a520e2982ee3,Grocery Store
4b6f839ef964a520d7f32ce3,Japanese Restaurant
4b9f1d23f964a5204e1437e3,Grocery Store
4b713ae8f964a520663d2de3,Hobby Shop
4b55ceeef964a520fcf027e3,Movie Theater
4b564870f964a5202d0928e3,Subway
4b0cfe88f964a520024323e3,Train Station
4d9bb3afafc2a1cda38206c2,Bus Station
4ba1f467f964a52069d337e3,Road
4c26e1ccf3859c749f796588,Train Station
4c686c6595589521afb1e8e4,Home (private)
4bc53e7e6a3e9c7435b8f548,Train Station
4b5ab1bbf964a52014d128e3,Home (private)
4b75032af964a52002fb2de3,Ramen /  Noodle House
4c273930f1272d7ff8d687c5,Cafe
42829c80f964a5205f221fe3,Residential Building (Apartment / Condo)
4b63df0cf964a52025952ae3,Convenience Store
4b972d57f964a5201ffb34e3,Train Station
4b602207f964a520d3d629e3,Subway
4b0a3657f964a520782223e3,Convenience Store
4b64fc39f964a520dedd2ae3,Subway
4b616f5af964a52070132ae3,Ramen /  Noodle House
4b89f0c4f964a5209b5732e3,Bookstore
4b7bee49f964a5205c742fe3,Historic Site
4dd3a0d7d1643acaa1e4d872,Train Station
4be53050bcef2d7f108d03e5,Convenience Store
4f3d1107e4b0811223c8fe23,Sushi Restaurant
4b5a3b6cf964a52026b628e3,Bus Station
4b7f950df964a5205c3530e3,Record Shop
4b8225f6f964a520c0cb30e3,Coffee Shop
4b7bb3d8f964a520566b2fe3,Train Station
4c301d4e16adc92834cdbe9c,Bookstore
4d4cab67dcb1224b063262cb,Train Station
4dd5af001838b8561cbb566f,Convenience Store
4b7f91a1f964a520d73430e3,Train Station
49b79f54f964a5202c531fe3,Art Museum
4c15c23282a3c9b6465afff8,Office
4bd59be75631c9b6f052a430,Japanese Restaurant
4cbc0d5490c9a1432eb198d6,High School
4c2839c29fb5d13ab2529957,Airport Lounge
4b790956f964a520a9e92ee3,Ramen /  Noodle House
4d377f41b274b1f7f51de0a3,Department Store
4b82118bf964a5209ec930e3,Building
4c1d94e3b9f876b00df47d46,Train Station
4b5c2e93f964a520b02629e3,Grocery Store
4ac518f4f964a520daae20e3,Airport
4dd3c8a7d22dc96be80e0584,Grocery Store
4b42a9c9f964a5206dd825e3,Train Station
4b764146f964a52077452ee3,Road
4c7fe79a2f1c236a6ae22143,Gym / Fitness Center
4b55265cf964a520e6dc27e3,Ramen /  Noodle House
4b5ab760f964a520e4d128e3,Train Station
4b5bb91cf964a520451229e3,Ramen /  Noodle House
4b9c180ff964a520534936e3,Train Station
4d4f5f044015b1f711815bcf,Train Station
4b62b06ef964a520134f2ae3,Coffee Shop
4bad4f1df964a520ae443be3,Convenience Store
4b9307dff964a520113034e3,Mall
4b6cbd55f964a520a4502ce3,Bus Station
4bc9aa3d3740b713f0065f65,Bus Station
4d8dffb462f1dcb3d43f7512,Train Station
4ba6d165f964a5206b7139e3,Light Rail
4df47c74d4c01ff6b2eff9d8,Hobby Shop
4b370c13f964a5203d3f25e3,Subway
4b409a97f964a52044b925e3,Grocery Store
4b721846f964a520686e2de3,Arcade
4b714d65f964a5203b402de3,Ramen /  Noodle House
4dd4456afa7645a53c951605,Airport Lounge
4b5d6805f964a520135c29e3,Bar
4e183b2e3151f46e7d343cc4,Building
4bcb390c0687ef3b3238ddcc,Subway
4b62da14f964a5208c552ae3,Miscellaneous Shop
4e3e8ed4b0fb875af870a2e0,Coffee Shop
4b64118bf964a520a89d2ae3,Bookstore
4b5576def964a52000e527e3,Ramen /  Noodle House
50068d33e4b09db42e109224,Platform
4b567da9f964a520b51228e3,Ramen /  Noodle House
4c020d8e98f60f472406cda4,Convenience Store
4b55252ef964a520c3dc27e3,Ramen /  Noodle House
4ade0cc5f964a520f36821e3,Monument / Landmark
4b5ad714f964a520f2d628e3,Mall
4b520ca6f964a520106427e3,Cafe
4bb82b067421a593479dc140,Train Station
501bcb7983025a18edaf5dcd,Bus Station
4b602f3ff964a520f0d829e3,Convenience Store
4baec495f964a52060d63be3,Convenience Store
4bb6b2142ea195217624ac2f,Sandwich Place
5089f33ee4b05789443b1f73,Ramen /  Noodle House
4bfbed72d0382d7f203cca0a,Bar
5152e8f5e4b011c28baf0681,Bar
4ca56d7697c8a1cdff1f67a5,Ramen /  Noodle House
4b5292aaf964a520b48227e3,Bike Shop
4e2af6e36284b96d7b81c3a4,Sushi Restaurant
4b5c0ee1f964a520b72229e3,Cafe
4fdc267ae4b01dfebf4f0294,Building
4b6e3a93f964a520feb22ce3,Restaurant
4adcdaa8f964a520824f21e3,Airport
4e55b16ea809cbf4e47286e9,Convenience Store
4b4be2e5f964a52080aa26e3,Office
4b5ce00df964a520b54829e3,Mall
4b5c6864f964a520662e29e3,Ramen /  Noodle House
4bf4b14e6a31d13acd21962e,Train Station
500e38d4e4b060e7f26ed0b1,Platform
4e8549a62c5b8b7034f65ce2,Mall
4b485e8cf964a520524c26e3,Ramen /  Noodle House
4c64e9583f69c9b6e1fd89d9,Ramen /  Noodle House
4b6be8caf964a5203a1c2ce3,Coffee Shop
4b9cf86ef964a520928536e3,Subway
4b6e7fecf964a520d3bf2ce3,Subway
508e77ebe4b0b69fe9a25f43,Neighborhood
4b5bb000f964a520121029e3,Train Station
4bd38a44b221c9b66e0fdad0,Train Station
4b5aaacdf964a52011d028e3,Sake Bar
4b971b9ff964a5205ff834e3,Subway
504f159ae4b039ef4dc0f9a4,Grocery Store
4bdbd19a3904a5934a354c9e,Concert Hall
4c552acc5b83952153dee031,Hotel
4b9c2d38f964a520c95136e3,Park
4cba93cb4495721e1f40517a,Train Station
4bf2710d82002d7f0389d0bb,Electronics Store
4ef0166902d50bd856e5804e,Diner
4b0587a1f964a520989d22e3,Miscellaneous Shop
4b64040df964a5205a9b2ae3,Cafe
4e045910315168be7fd7dac3,University
4bd41a1077b29c7433219282,Train Station
4b4bf936f964a52068ac26e3,Train Station
4c3fe475d691c9b60b808a0a,Road
4bbe9ee54e7bd13ad7579b7f,Historic Site
4b57b21af964a520643c28e3,Coffee Shop
4b46d0ebf964a520982826e3,Subway
4b80c154f964a520488a30e3,Mall
4feabebbe4b0b41e02156bec,Platform
4b5d268af964a520a85429e3,Electronics Store
4b572222f964a520ad2728e3,Rest Area
4b6fc685f964a52037fc2ce3,Electronics Store
4b6146c8f964a520c90e2ae3,Home (private)
4be76906cf200f471bb1153c,Home (private)
4b56b884f964a520801928e3,Electronics Store
4b55c164f964a52086ee27e3,Train Station
4b7e5d5cf964a52085ea2fe3,Record Shop
4f42edd3e4b08c6c286db186,Park
4b628174f964a520dd492ae3,Grocery Store
4df2f6c8b0fb807158c0e8fb,Multiplex
4d4bcbbf7a45721e9375bd54,Road
4b35706ff964a5202b2d25e3,Department Store
4b05884ff964a520adbd22e3,Train Station
4ab951a3f964a520eb7e20e3,Subway
4c1b3258b9f876b0ccdd7946,Nightclub
4e50d17a18a8af30fd98d3ac,Train Station
4b615aa7f964a520e2102ae3,Gym
4f3369ffe4b00df482467df6,Bus Station
4b4c7cb3f964a5203cb426e3,Train Station
4c96f8a2533aa093e95ad645,Convenience Store
4b6ba3baf964a520cd132ce3,Electronics Store
4f88e8c0e4b0a95f937122ca,Burger Joint
4b7f851cf964a520a83230e3,Grocery Store
4be690ed78e8952152c464ce,Parking
4bd11c1e41b9ef3b8a8dfbe5,Ramen /  Noodle House
4bc2633b920eb71334331c2c,Train Station
4b64f64ef964a52085dc2ae3,Train Station
4c99bd08db10b60ce0918c6d,Bowling Alley
4bffa6926ed2b713756a82d7,Train Station
4b5c1434f964a520722329e3,Department Store
4b57cb7cf964a5208b4128e3,Monument / Landmark
4e630d62fa76cd64ce841cb7,Fast Food Restaurant
4f7bf0ea6b74f38a7a4b1915,Convenience Store
4b7e88fdf964a52076f12fe3,Cafe
4e5466d845dd5c591f4a1f09,Electronics Store
4b5b0b3df964a52087e028e3,Ramen /  Noodle House
4c903099d38dbfb753b303e2,Office
4df0fad7ae6066d602d888b4,Department Store
4b596e6ff964a520108828e3,Electronics Store
4b3c9e09f964a520998525e3,Train Station
4f7673cbe4b07024f9a71396,Office
4de05b7e1f6ece6473798c5e,Grocery Store
4cb2c0cacbab236aaff2b273,Bridge
4d96d53db188721ec1c40037,Arcade
4c2f320d213c2d7fab63305d,Arcade
4bada14ef964a52007603be3,Temple
4b61491ef964a5200e0f2ae3,Bookstore
4b5baec7f964a520cb0f29e3,Bridge
4dc6658a315170a4221525c6,Subway
4e6f06d21f6e63a4ea94fefb,University
4b35bbcbf964a520bc2e25e3,Miscellaneous Shop
50039e5de4b01f40cee95728,Train Station
4f35e3cde4b0d408a2cf56f2,Event Space
4fa888dae4b0b9b748210452,Convenience Store
4d6779f758ee8eec724e6827,Mall
4bd2107941b9ef3b1a3ffde5,Train Station
4bee3ac13686c9b60154246e,Concert Hall
4d6860374c463704baff92b3,Historic Site
4b57aa88f964a520973a28e3,Train Station
4b8b3671f964a520ce9732e3,Train Station
4b6008aff964a520c2d329e3,Grocery Store
4b7225f2f964a5202e712de3,Bridge
501a7100e4b0265f38a0bf8b,Grocery Store
4c04dd9a9a7920a131c4d179,Convenience Store
4b5fee8df964a520f4d029e3,Coffee Shop
4b5da1e1f964a520566429e3,Convenience Store
4db64c83f7b121c29f706c68,Coffee Shop
4bc9af55511f9521f509aec7,Ramen /  Noodle House
4b9990dbf964a520168435e3,Grocery Store
4b567590f964a5204b1128e3,Department Store
4c5419c1728920a17bb32e82,Train Station
4f152d73e4b0a6ade3f98bb1,Road
4dbf3ce64b2221ec2d568eaa,Park
4f807127e4b0c2f7656db69e,Hobby Shop
4ee9f0e493ad7b2e9e2f8de0,Office
4b585f2cf964a520d65428e3,Mall
4c11a000d41e76b070d5310d,Chinese Restaurant
4b51191df964a520454227e3,Grocery Store
4b5aa9d9f964a520edcf28e3,Record Shop
4c12351577cea593f991cc60,Home (private)
4be36abdf07b0f47af1af843,Sandwich Place
4b9f976bf964a5207a2d37e3,Building
4d6721cb9792b1f79b5c3a1f,Bookstore
4b73bf2bf964a5206dba2de3,Bookstore
4c924443ae45224b15baee97,Road
4b9e33c8f964a5207bd136e3,Ramen /  Noodle House
4bd3ea6db221c9b6b5dadad0,Bookstore
4b507f4cf964a520342527e3,Subway
4ef3f85430f87cc5176c2720,Train Station
4b5c04b9f964a520652129e3,Train Station
4c78a18a794e224b240d6328,Convenience Store
4b73fd6ff964a520d2c22de3,Office
4b94d38ef964a520758434e3,Food & Drink Shop
4b55989cf964a52077e827e3,Train Station
4b5d7d45f964a520b25e29e3,Bus Station
4b615b5ef964a520f8102ae3,Mall
4daaa11e43a1128196fd230e,Bridge
4b9b4910f964a52052fe35e3,Theater
4b5e3c42f964a520578529e3,Concert Hall
4b7fa646f964a520463830e3,Grocery Store
4bc40f7bf8219c746ef4b610,Mall
4c6fe3ab9375a09339230537,Multiplex
4b6af278f964a52053e82be3,Bus Station
4b552f3df964a52006de27e3,Train Station
4b5d6b8af964a5207f5c29e3,Nightclub
4ba6e7f0f964a520ae7639e3,Building
5018bc67e4b0caed4b360f38,Train Station
4b5bf16ef964a520451e29e3,Grocery Store
4b550da5f964a52069d927e3,Coffee Shop
4b5bd148f964a520e81729e3,Grocery Store
4d8e055d830160fcdce94835,Sporting Goods Shop
4b76984df964a520a6532ee3,Subway
5021a94c64a4363fdfd1fe7b,Bridge
4b626c37f964a52002472ae3,Train Station
4e60b7b7a80951b317ba98ec,Cafe
4bc6e1300050b7138bb2b73b,Coffee Shop
4b660eacf964a52032112be3,Bus Station
4b56cccef964a520911b28e3,Cafe
4dc230dbd4c07da169f3b7c0,Ramen /  Noodle House
4b6a8c00f964a5204fd82be3,Train Station
4b5bb99ff964a520701229e3,Temple
4d378ac29516236a130d8e51,Road
4be7fb02a117b7139d5a81c8,Building
4de8e6d8d4c0faa5643a4216,Convenience Store
4b0f9f42f964a520b66323e3,Train Station
4e5f5340b0fb27e2bd450341,Mall
4b80e1d0f964a520559030e3,Sporting Goods Shop
4b628b3cf964a520e64a2ae3,Electronics Store
4b6d3dc2f964a520206d2ce3,Ramen /  Noodle House
4b713431f964a5206c3c2de3,Cafe
4d9c07898dd36ea830736766,Ramen /  Noodle House
4bc95d32511f952118b3adc7,Theme Park
4b9c66a2f964a520f16536e3,Train Station
4edc98456da1642c5f47099f,Sake Bar
4b791771f964a52051eb2ee3,Coffee Shop
4ebb3d90b8f7074b345e14f3,Gas Station / Garage
4b6d2968f964a5207a692ce3,Ramen /  Noodle House
4b58820df964a520345b28e3,Hobby Shop
4b646c0ff964a520ddb12ae3,Arcade
4b5b1051f964a5209de128e3,Bridge
4baf25fff964a520b4ed3be3,Train Station
4d463248c3e5f04d8c13ac20,Building
4b57e001f964a520b54428e3,Cafe
421a7600f964a5209d1f1fe3,Plaza
4d7dfe62cd09224bd4934130,College Academic Building
4b5732aef964a5209c2a28e3,Office
4b50eaeaf964a5209e3827e3,Mall
41059b00f964a520850b1fe3,Airport
4bd4fb56cfa7b7132e4225da,Train Station
4c40499cda3dc9289c0dc7b9,Train Station
4e9c1b4f6d86e2007a20980d,Subway
4bd5266b637ba5939913f670,Mall
4b582c4bf964a520e34c28e3,Coffee Shop
50f098f2e4b0e6ba5ac4c7fd,Road
4bacbc12f964a520db073be3,Nightclub
4b584c57f964a5209e5128e3,Train Station
4b948570f964a5203b7c34e3,Ramen /  Noodle House
4bccec41cc8cd13ab9dfc1cf,Convenience Store
4b7f7ffcf964a520ca3130e3,Bridge
4c9045c8d38dbfb7a9b904e2,Home (private)
4bb7d7a753649c74da5e46fb,Coffee Shop
4cb7a2d07148f04d88fac9ab,Train Station
4be21040f07b0f470ca1f443,Park
4d7e9a9cb25d6dcb4d04bd42,Convenience Store
4b1a32aff964a52017e823e3,Train Station
4cbd56d6adcd5481452a33a2,Mall
4b641c3df964a5208c9f2ae3,Train Station
4b4487c9f964a5201ef625e3,Subway
43695300f964a5208c291fe3,Train Station
4b58e63ff964a520a97128e3,Mall
4bb8209353649c74b9ca46fb,Shrine
4b6e6506f964a52096bb2ce3,Train Station
4b63f0d4f964a5200a982ae3,Bookstore
4b73f807f964a520fcc12de3,Mall
4c2337ef11de20a1760486ce,Building
4dd62153ae60680f14e63510,Coffee Shop
4b5822ddf964a520e54b28e3,Ramen /  Noodle House
4c52ecd699ecc9b61581875b,Train Station
4b6cf0daf964a5202f5f2ce3,Mall
4c236bf4aa8e9c749facf4d4,Train Station
4c0b6a60a1b32d7f6e049bf0,Office
4b9090e5f964a520529033e3,Ramen /  Noodle House
4b583a6cf964a520b14e28e3,Park
4e1149be22713f7d7bd04fcf,University
4f31db587beb6b7533b1a584,Ramen /  Noodle House
4b6e8ed0f964a520e7c12ce3,Subway
4cf4b8818333224b1f541c8e,Bus Line
4c3bb6ee5a10b713b34fa34d,Cafe
4b56d5def964a520831c28e3,Train Station
4dca9ceab3adcc457c8c6976,Bus Station
4c42a040da3dc928e5e1cab9,Arcade
4d91ad7dd5f28eec8bbe453e,Department Store
4c4bf241bad7a593618b8fac,Road
4b5a9955f964a52029cd28e3,Train Station
4bddf8b70ee3a5933c682fb0,Airport Gate
4b61374bf964a5202b0d2ae3,Train Station
4b5a536cf964a52067bd28e3,Mall
4ea7d5fedab48494d894dafb,Cafe
4b699180f964a520c2a72be3,Japanese Restaurant
4bdc99c02a3a0f472297b3b6,Train Station
4b56764ff964a520721128e3,Other Great Outdoors
5080c77ac84c516c3016a030,Coworking Space
4b5d5b5ff964a520ad5a29e3,Train Station
4c7889af3badb1f7125e4c54,Subway
4b5fb6a4f964a52088c929e3,Ramen /  Noodle House
4d16d4f781cea35d5daee2ec,Electronics Store
4cf9ff84c671721e16e6ba18,Coffee Shop
4b7ecd5df964a520a30030e3,Italian Restaurant
4b7a7ae1f964a5201a2e2fe3,Road
4aeb45caf964a5206cc021e3,Airport Terminal
4b4fcf6bf964a5203a1627e3,Mall
4b6186fdf964a520e1162ae3,Mall
4b98f468f964a520545835e3,Convenience Store
4c81d7d8e602b1f7b536977a,Platform
4b584d5bf964a520be5128e3,Diner
4b700532f964a520b1032de3,Convenience Store
4b6bfa2bf964a5201a1e2ce3,Mall
4c6f6511fa49a1cd4f1aa3e3,Train Station
4d4e12d123a76dcb8a2e5bdc,Ramen /  Noodle House
4b58052ef964a520c74828e3,Bookstore
4be36b4e660ec928fd29cc3b,Train Station
4db8da5b93a0f369e86372dc,Mall
4ee7f70d00397d4697a93c7d,Mall
4ff7d562e4b07a70b92e8380,Bookstore
4b5ad4b2f964a52087d628e3,Arcade
4b76187bf964a5206b3c2ee3,Ramen /  Noodle House
4f26a71ae4b006e5c44e55a1,Train Station
4b7496d6f964a52033e62de3,Subway
4bc9ef27b6c49c74b64a8f91,Train Station
4b52a479f964a520c08427e3,Office
4c559a9b1b46c9b66a5786d0,Home (private)
4be25b3721d5a593377e1611,Grocery Store
4ba4d5b4f964a5206ab938e3,Train Station
4c821c1d74d7b60cfa087dd8,Road
4b936d87f964a520984334e3,Convenience Store
4d28684d342d6dcb86f0f7ca,Japanese Restaurant
4caca7c3a6e08cfafa36ad94,Convenience Store
4b87730ef964a5209fbf31e3,Train Station
4d8d827ecb9b224b4ffd6e41,Train Station
4ce3cb7077ef224b0be9447b,Convenience Store
4c6e3b8210faa143c739f068,Bridge
4ef929c97bebf5ab6c1e11b9,Ramen /  Noodle House
4d1adc19d6868eec976caf52,Record Shop
4b6919cdf964a52025992be3,Bus Station
4d46e0591ed56dcb3f8aca54,Office
4e8d7ab777c8aa8707085f44,Train Station
4baa0e9cf964a52034473ae3,Home (private)
4b554486f964a52053e027e3,Japanese Restaurant
4b57bda1f964a520d23e28e3,Mall
4b600988f964a520e0d329e3,Electronics Store
4b1ddfeef964a5200d1624e3,Ramen /  Noodle House
4b6b53eaf964a5202c012ce3,Convenience Store
4c33fc41213c2d7fe4e7375d,Road
4b7b8896f964a52084662fe3,Bus Station
4cc656f201fb236a98e4b6ba,Grocery Store
4baeb073f964a52003cf3be3,Train Station
4f63e784e4b0cded5bfd18cb,Event Space
4f4072eae4b0f4e3fb18bba4,Bus Station
4f856128e4b0da77740e2976,Rock Club
4b973a13f964a520b3fc34e3,Road
4b0a57d1f964a5205d2323e3,Mall
4b722317f964a52080702de3,Ramen /  Noodle House
4bd8d9f32e6f0f47e8ed0808,High School
4d0092f90457b1f7fc053278,Concert Hall
4b4c4ed4f964a520c7b026e3,Mall
4b728d23f964a520247e2de3,Home (private)
4b62c1e5f964a52074512ae3,Diner
4cb45cc69b34199c7bb4ba63,Gym
4b76bdbcf964a520ee5b2ee3,Train Station
4b6f421ff964a52098e72ce3,Train Station
4b5c0fe0f964a520d62229e3,Miscellaneous Shop
4b92270bf964a5209ce933e3,Arcade
4e8a58fe9a524097dc184b6e,Office
4e59bd3c483b865169e407c7,Hobby Shop
4e2cca0fc65bcaf4003d6444,Bridge
4b7fec49f964a520a04430e3,Bridge
4b54ef8ef964a52002d427e3,Train Station
4b550403f964a520ecd727e3,Train Station
4b5e3485f964a5209d8329e3,Coffee Shop
4b57d947f964a520b94328e3,Park
4b930bf1f964a520483134e3,Grocery Store
4b552414f964a520a4dc27e3,Train Station
4b5be13df964a520601b29e3,Convenience Store
4c8de0021992a1cdb9ded8fb,Arcade
4b5ad5b0f964a520acd628e3,Grocery Store
4d1b73e39aa55481ff48cee0,Residential Building (Apartment / Condo)
4c84702cd34ca143e41c3f80,University
4c32ac6a16adc928d98ec29c,University
4ccd357672106dcb6282a199,University
4b5e55f4f964a520328a29e3,Mall
4bdb6a4863c5c9b6b5e22768,Rest Area
4b54a304f964a52013c427e3,Mall
4b56c537f964a520cf1a28e3,Subway
4c1da2f0eac020a144a448c2,Temple
4b62d911f964a52057552ae3,Train Station
4ce1b12278ddf04dcbd2ac98,Coffee Shop
4b8a56e6f964a520266932e3,Grocery Store
4bf74c304a67c928898223cf,Subway
500c9e03e4b0c0877f5d27a5,General Entertainment
4b63abf9f964a5202d8b2ae3,Multiplex
4b5a9381f964a52023cc28e3,Ramen /  Noodle House
4b269275f964a520b87d24e3,Subway
4b57e939f964a520f94528e3,Ramen /  Noodle House
4d313804b6093704f28be9df,College Academic Building
4e681ef662e1a02a60e835c2,Park
4c322b79213c2d7f7f01355d,Soccer Stadium
4b8377e2f964a5202e0731e3,Subway
4b5ed7c8f964a520ac9a29e3,Train Station
4ba2b474f964a520f21138e3,Hotel
4b7cde89f964a520e1a72fe3,Ramen /  Noodle House
4bb6f632941ad13a7a3020e3,Road
4b98dcf2f964a5200b5335e3,Road
4e8d9fd65c5ca61d8be02db1,Road
4cd0aa16adf29c744bff7b95,Road
4b9b8cd2f964a520c30e36e3,Subway
4b63675ef964a5205d772ae3,Department Store
4b6a7e10f964a520c1d62be3,Road
4b6e660df964a520bebb2ce3,Mall
4dafb4ca4b22d9b3bcc7ed10,College Academic Building
4b5f9016f964a520d6c129e3,Ramen /  Noodle House
4c19053a98f4a593046cfff5,Grocery Store
4c6e4983f323bfb7c9cf2299,Subway
4b5681bff964a520461328e3,Mall
50c520e0e4b087eb7ede189b,Historic Site
4c47954219fde21e66de0876,Hobby Shop
4b6e6b56f964a520bfbc2ce3,Residential Building (Apartment / Condo)
4f8e97a0e4b0e77df39ee50d,Bus Station
4eb06de18b81d80bd825b46f,Train Station
4abf8c03f964a520079120e3,Airport
4c7e7dbad598a0932aedc562,Mall
4d844ecdd5fab60cc251df9b,Mall
4b8a0c32f964a520665d32e3,Coffee Shop
4c4aa25946240f47ba9d2bf2,Train Station
4b7c7846f964a5206b952fe3,Subway
4b73346bf964a520c3a12de3,Grocery Store
4e20e124d22d0a3f59f2b5d1,Convenience Store
4c633eb4e1621b8dc5972553,Road
4b57caaaf964a520654128e3,Hobby Shop
4b85dc4af964a520b77631e3,Mall
4b223e96f964a520b04424e3,Grocery Store
4bc044512a89ef3b6654f088,Hotel
4b8b03dff964a520738e32e3,Subway
4b9b4282f964a520d3fc35e3,Government Building
4c84576ad34ca143dd493e80,Airport Gate
4ba3d70ff964a5204a6538e3,Bridge
4b1cae6df964a520020924e3,Coffee Shop
4b5a905df964a52084cb28e3,Cafe
4b49cfeaf964a520ff7326e3,Bookstore
4ba64cdff964a520e04339e3,Cafe
5021ee97e4b055ef7d0c4d3e,Train Station
4bc2c34e2a89ef3bd934f488,Japanese Restaurant
503f408de4b0614ac0cd267f,Airport Gate
4bb06abef964a520af443ce3,Mall
4b8b6332f964a520459e32e3,Convenience Store
4f61593be4b024e6f6f3fad0,Ramen /  Noodle House
51211ce4e4b0b3e2af81be86,Train Station
4ba4e588f964a52043c038e3,Park
4b5bfab7f964a520e81f29e3,Mall
4ba37d4df964a520884138e3,University
4b67b787f964a520dd5b2be3,Ramen /  Noodle House
4b5887eff964a520735c28e3,Coffee Shop
4d00cebe7c563704ca4fb2f0,Hospital
4b8cf3a2f964a5200ce232e3,Train Station
4c2c7ebcd1a10f47e27df964,Train Station
4b6a8083f964a52007d72be3,Bookstore
4b669935f964a52025252be3,Miscellaneous Shop
4b8f86fbf964a520125733e3,Airport Lounge
4b7ce3eaf964a5207aa82fe3,Mall
4d357b4272a8b1f7509bb9d0,Department Store
4b83175ef964a5200cf730e3,Convenience Store
4bfd24972b83b713d6a4a998,Hospital
4b56f902f964a520432128e3,Train Station
4b6ec824f964a5205fca2ce3,Subway
4b57ec00f964a5204e4628e3,Mall
4b565ddff964a520660d28e3,Home (private)
4b9b2347f964a5207df535e3,Train Station
4b6e3dd5f964a520c2b32ce3,Building
4b5d83c1f964a520a95f29e3,Train Station
4b247460f964a520b56724e3,Coffee Shop
4bdaf7d0c79cc9289f6f80e9,Bar
4b8252fff964a520c9cf30e3,Concert Hall
4b9c3a37f964a520ea5636e3,Train Station
4bea901661aca593a4d68300,Building
4b24b5e7f964a5208d6924e3,Subway
4ca4e24c965c9c747c04c7fa,Airport
4d103717c3dc370408d53774,Road
4b6c1dd9f964a520ac242ce3,Ramen /  Noodle House
4b5cfda1f964a520fe4d29e3,Movie Theater
4b601425f964a52027d529e3,Fast Food Restaurant
4bef2b19ea570f47b5038fd2,Ramen /  Noodle House
5022f76ae4b0e35231520bc5,Convention Center
4e871ccbf79095e60a6362a2,Gym / Fitness Center
4b725e07f964a520fe782de3,Train Station
4c525380d797e21e8343857d,Road
4bd9789d0115c9b618587780,Road
4efa6f74722e340611efd761,Road
4b73b535f964a52022b92de3,Subway
4c04b4509a7920a1a7a1d179,Bookstore
4ee3e25ab634710b8a6ec4b4,Train Station
4b5c4017f964a520962829e3,Electronics Store
4bae1c8af964a52082853be3,Arcade
4bec18ff61aca59313c98500,Arcade
4bca7fb268f976b076a45f83,Ramen /  Noodle House
4c6fb4d7d7fab1f710255cc9,Train Station
4a5d26a3f964a5204bbd1fe3,Office
4b8dc28df964a5206a0c33e3,Convenience Store
4e9b965b6da1cbe0b8cd9cf3,College Academic Building
4b585230f964a520995228e3,Train Station
4b55ca24f964a5201bf027e3,Train Station
4b52dcecf964a5207a8927e3,Fast Food Restaurant
4e3f670d18a83d5b285f28f1,Train Station
4bd916e311dcc928a2f7f833,Electronics Store
4b5586eef964a52087e627e3,Grocery Store
4e9ab2f68b81c0254e71abc9,Train Station
4f6fec03e4b0541c63abaeff,Grocery Store
4b825687f964a5202ad030e3,Convenience Store
4a198a3ef964a520237a1fe3,Airport
4be51af1910020a191a7d214,Bookstore
4b67a79df964a520ac592be3,Office
4b62c07df964a5204a512ae3,Bus Station
50191273e4b0b657aed5a80c,Home (private)
4b614a52f964a5202c0f2ae3,Ramen /  Noodle House
4be61b4cd4f7c9b63d702620,Train Station
4bf887e68d30d13abbfc0018,Road
4ba04924f964a5205c6637e3,Ramen /  Noodle House
4b5ecf7af964a520789929e3,Mall
4b6cd743f964a52052582ce3,Mall
4f25e175e4b063d40205d0d4,Train Station
4f5058a6e4b020de96c85691,Cafe
4bc15263f8219c74a552b310,Ramen /  Noodle House
4b63a34df964a520e4882ae3,Electronics Store
4bdef7fc17fdef3b3bb34e36,Convention Center
4b49c505f964a520647326e3,Cafe
4b5d1cacf964a5202c5329e3,Train Station
4bb8134b3db7b713ca02219a,Park
4b57beb3f964a520f13e28e3,Department Store
4b698166f964a5200ca52be3,Ramen /  Noodle House
4b189466f964a52049d423e3,Mall
4d5216eec5ff6ea834feaa07,Ramen /  Noodle House
5003c391e4b0a7c21378d0ad,Bar
4b6147e1f964a520ed0e2ae3,Subway
4ca2ff9e554b236a02c32248,Home (private)
4e2cdf3762e144b5d3bbecaf,University
4d4bb2e5b496b60c8ac5c700,Hobby Shop
4e4789a9ae60fa723302f0e8,Convenience Store
4b63a6a9f964a520c0892ae3,Grocery Store
4b80b857f964a5203e8830e3,Convenience Store
4ba047e3f964a520006637e3,Office
4b6e4564f964a5206fb52ce3,Grocery Store
4b5bc996f964a520411629e3,Coffee Shop
4ed4d1ff5c5c6e2492fb92cf,Other Great Outdoors
4bb6ff28ef159c7442be76f7,Home (private)
4b7d7de1f964a5200bc22fe3,Grocery Store
4e375468e4cdedd4a1b140fb,Mall
4bca6758fb84c9b6ed311d3e,Train Station
4ce098ce3644a09339f7589f,Mall
4b661945f964a5208e132be3,Subway
4bc522aeccbcef3b7636e6d2,Subway
4b5bd933f964a520a61929e3,Mall
4b63e4fdf964a52010962ae3,Concert Hall
4b56e052f964a520cb1d28e3,Temple
4b5845fcf964a520745028e3,Convenience Store
5168a27ce4b0d53903b4c139,Platform
4b5bc6c6f964a520891529e3,Subway
4b5aeec3f964a520e9da28e3,Arcade
4b90ffe3f964a520729e33e3,Arcade
4b500a5df964a520ab1b27e3,Coffee Shop
4b267bacf964a520297c24e3,Indian Restaurant
4b6183fbf964a52066162ae3,Cafe
4f73f597754a8f164820616f,Bridge
4badc850f964a520e1683be3,Office
4ea28a80775b5c3e832f703e,Gym
4b651918f964a52010e42ae3,Mall
4b18c616f964a520a7d523e3,Subway
4b57bb1ef964a5204b3e28e3,Ramen /  Noodle House
4cd905897d454688a39feeed,Train Station
4b68bc65f964a520ff892be3,Coffee Shop
4b5e5afbf964a520048b29e3,Convenience Store
4b6d11e1f964a5208c652ce3,Shrine
4cad7ec918a3199c20835bfb,Ramen /  Noodle House
4b5cd5b6f964a520684629e3,Miscellaneous Shop
4ef21471e5fad15c797ec91f,Train Station
4bda813ac79cc928950d7fe9,Grocery Store
4b15cdcaf964a5207eb423e3,Coffee Shop
4e4f87092271a1bdc3df58df,Theme Park
4b6bd06ff964a52068192ce3,Arcade
4b5a4723f964a5209eb928e3,Train Station
4b058815f964a520afb022e3,Mall
4b5eaa66f964a520549529e3,Train Station
4b5059e3f964a5200f2127e3,Bar
4bed1a4e9868a5938fea5c46,Mall
4b5af493f964a5201edc28e3,Grocery Store
4b0d131ff964a520a04323e3,Mall
4b626ac4f964a520c4462ae3,Electronics Store
4bdbf70c63c5c9b6b1172a68,Train Station
4bee1cf4767dc9b6db0fd4e9,Karaoke Bar
4d13def26d103704f3231cbd,Bridge
4b64e4eff964a5200dd82ae3,Music Venue
4c4a99fa712ac9282a39b16b,Grocery Store
4bdd364ab0f5c92825fc4be3,Train Station
4db610c743a1369cb5de3fba,Other Great Outdoors
4b779ee6f964a5206ba42ee3,Subway
4c6907181226c9b6941bdaaf,Bus Station
4b662800f964a520ba162be3,Furniture / Home Store
4b6d3a87f964a520896c2ce3,Mall
4b5febdaf964a520bbd029e3,Subway
4be7a4a8d837c9b64077a406,Park
4b90d27df964a520879833e3,Building
4bc7da668b7c9c74225837cf,Airport
4b8e02a0f964a520e31533e3,Train Station
4b386e48f964a520164e25e3,Mall
4e187c85b0fb8567c66cdd91,Train Station
4e864a85d5fb2ee2eed7e195,Train Station
4b98faa1f964a520ee5935e3,Chinese Restaurant
4b5807f5f964a520274928e3,Convenience Store
4b6d150bf964a52010662ce3,Subway
4b889270f964a520910132e3,Train Station
4dd068c245ddbe15f8b9e3b1,College Academic Building
4bdf5c91be5120a14cb4fe70,Electronics Store
4bdd08424ffaa59375a86ef7,Ramen /  Noodle House
4c0cf43ab4c6d13aed850c30,Arcade
4b735499f964a5200ba92de3,Ramen /  Noodle House
4b5cf6f0f964a520e54c29e3,Train Station
4b779039f964a520b8a12ee3,Ramen /  Noodle House
4bb1c7c5f964a520b4a23ce3,Mall
4b5a9d26f964a520c7cd28e3,Mall
4cb0c5acf2dbef3b449579e5,Convenience Store
4cc0c8a2d363721efb1756c9,Convenience Store
4c04850973a8c9b61c4196e0,Fast Food Restaurant
4b05879cf964a5205b9c22e3,Hotel
4dc9ec741f6e2812676c4c4a,University
4b543fa6f964a52080b527e3,Coffee Shop
4bc84a672f94d13a0348137f,Clothing Store
4f7e4dc5e4b049fd330ff946,College Cafeteria
4b66c0d6f964a520b4292be3,Arcade
4b56cf14f964a520c41b28e3,Mall
4ce50c504eb46a3197235ca3,Sake Bar
4b576283f964a5200e3528e3,Ramen /  Noodle House
4b5851e2f964a520885228e3,School
4f52dd93e4b036244ab62414,Platform
42829c80f964a5206a221fe3,Grocery Store
4f50e8b5e4b0daf96d119e97,Electronics Store
4de87ac6d22d09215a1df350,Arcade
4b36c158f964a520df3b25e3,Train Station
4cc64c0782388cfa6d3d7b35,Train Station
4c218ac599282d7f40d765b0,Coffee Shop
4b6a97d2f964a520a6d92be3,Subway
4bc15371461576b0b5e47b32,Japanese Restaurant
4b5aee19f964a520c9da28e3,Japanese Restaurant
4b6a790ff964a52031d62be3,Ramen /  Noodle House
4b6a66b3f964a52089d42be3,Train Station
4b736caaf964a520cead2de3,Airport
4fbb6f79e4b04df08f1ded79,Train Station
4b55cb8ef964a5205af027e3,Subway
4b5fc27ff964a520cbcb29e3,Grocery Store
4b661aabf964a520e3132be3,Train Station
4ddcb3741f6e54b34d902ef2,Rest Area
4dbd002d43a1d8504b9ba4d0,Convenience Store
4b6d6110f964a520d0732ce3,Nightclub
4da24d7022a5f04d227a0e55,Train Station
4b57ee2af964a520854628e3,Subway
4d15ea5c380a8eecb8ba85fa,Coffee Shop
4f51d052e4b0ac6d0b595e74,Rest Area
4b570d6df964a5207e2428e3,Train Station
4b5ae439f964a5200bd928e3,Movie Theater
503b51dde4b0bce917f7fa03,Train Station
4ba8c349f964a520ffec39e3,Ramen /  Noodle House
4b9f8ca2f964a5209a2a37e3,Subway
4b80a98cf964a520788430e3,Bowling Alley
4b6aaeaff964a520fadb2be3,Electronics Store
4b6c2f13f964a5202d282ce3,Train Station
4b0587b3f964a52070a022e3,Rock Club
4b613371f964a520c80c2ae3,Mall
4c1b6c12eac020a1c8c344c2,Train Station
4b585ab2f964a5200c5428e3,Mall
4b5a6122f964a52049c128e3,Shrine
4b90a0e3f964a520ae9233e3,Mall
4b67abe2f964a5204e5a2be3,Office
4b5bb438f964a520181129e3,Ramen /  Noodle House
4b67be65f964a520815c2be3,Mall
4dee1ac763657045c0301ed9,Toy / Game Store
4b55c7aaf964a520adef27e3,Train Station
4dc37e5652b1e8f9f7a3cbfe,Train Station
4baef673f964a52034e43be3,Coffee Shop
4bce89aac564ef3be584eef0,Bridge
4b56e642f964a5208a1e28e3,Train Station
4cdf5101f8a4a143c6c1ddbc,Gym
4b90c61ff964a520f99633e3,Train Station
50095b1ce4b078f59fa36967,Japanese Restaurant
4bdeabab0ee3a593fe7031b0,Ramen /  Noodle House
4b751241f964a520fcfc2de3,Ramen /  Noodle House
4ad4c062f964a520f3f720e3,Soccer Stadium
4b78c162f964a520f6e02ee3,Ramen /  Noodle House
4b5c6a92f964a520cf2e29e3,Bus Station
4bb2a3f64019a593cb2637b8,Gym
4b5472bcf964a520a4bb27e3,Train Station
4bf8a0485efe2d7f322b6b34,Electronics Store
4bbfd95db492d13a8079a360,Coffee Shop
4b5aa18bf964a520afce28e3,Train Station
4c3efd660596c928d1fc8478,Grocery Store
4f2cb6c1e4b059914e5232c5,Grocery Store
4b6bd653f964a520141a2ce3,Ramen /  Noodle House
4b581906f964a520cf4a28e3,Train Station
4b7f4c26f964a520c82530e3,Mall
4b767557f964a520314d2ee3,Train Station
4b5829b4f964a5209b4c28e3,Fast Food Restaurant
4b8dd137f964a520eb0e33e3,Convenience Store
4e210e94b0fbdf9ba7a688f3,Event Space
4b5dc36cf964a520726a29e3,Mall
4b67c73bf964a5207b5d2be3,Ramen /  Noodle House
4b6b6b36f964a5207f072ce3,Train Station
4b5bef37f964a520e81d29e3,Mall
4da94fb64b22f071ea9be4db,Indian Restaurant
4f155d10e4b0fd295242046e,University
4c20820d920076b0bc48c6e9,Bridge
4b56326df964a520d70428e3,Train Station
4b5f9400f964a520aec229e3,Temple
4b55d467f964a520e3f127e3,Department Store
4f895263e4b0af4d4dbf4cdd,Home (private)
4c99dc9fa004a1cd1fef426e,Ramen /  Noodle House
4af33684f964a520c7eb21e3,Airport
4b5a593df964a52017bf28e3,Train Station
4b62e285f964a52045572ae3,Convenience Store
4b5b0e59f964a52030e128e3,Office
4b933806f964a520c43b34e3,High School
4fed868ce4b0f5b9d775cc2f,Coffee Shop
4b57db8cf964a5200f4428e3,Grocery Store
4b54eddcf964a520a4d327e3,Train Station
4b55468ff964a5208fe027e3,Ramen /  Noodle House
4b60d467f964a52013fc29e3,Convenience Store
4c919837ae96a093d919a546,Airport Lounge
4c9603a8533aa093cdf2cd45,Hobby Shop
4edea747f5b93f54c3444e74,Building
4b86a885f964a520b39431e3,Ramen /  Noodle House
4b644135f964a520a1a62ae3,Japanese Restaurant
4b058898f964a5207ccf22e3,Plaza
4ca54967a6e08cfa31237094,Office
4b5eaa04f964a520519529e3,Japanese Restaurant
4b5be44bf964a520f61b29e3,Mall
4c0b3b07009a0f4708e4eabf,University
4b526e7df964a5200a7d27e3,Train Station
4e7074fad4c03fcb655406f6,Sake Bar
50b9da5ce4b048d44544d7d9,Miscellaneous Shop
4ba829adf964a520bbce39e3,Electronics Store
4b601594f964a52051d529e3,Mall
4b58727ef964a520395828e3,Convenience Store
4b0f9c5cf964a5209f6323e3,Train Station
4c287613ce3fc928cf256d88,College Library
4b5d177bf964a520365229e3,Ramen /  Noodle House
4bf9f55d508c0f4790cb3f31,Mall
4d5a742c9b302d4316452c34,Train Station
4e40eeb3fa7697d3df8150b9,Train Station
4eb2d5a5d5fb935c32d277ef,Arcade
4b612143f964a520a60a2ae3,Park
4b64e591f964a52042d82ae3,Japanese Restaurant
4e749209e4cd325436e572d1,Train Station
4b651361f964a520f5e22ae3,Bookstore
4b5bd0caf964a520c71729e3,Subway
4bdd11bcb0f5c928fcad4be3,Park
4b727694f964a520917b2de3,Subway
4b80bafef964a520ee8830e3,Mall
4dbfc392fa8cc78a86196248,Home (private)
4b5eb39df964a5205d9629e3,Subway
4b8845ddf964a520d7eb31e3,Road
4d9d032548b6224b6e701b9f,Cafe
4b5be809f964a520b31c29e3,Art Museum
4283ee00f964a5209d221fe3,Soccer Stadium
4d7b0a3b3bc1b60cea6448e9,Mall
4f577be6e4b03d89ebbac9f9,Home (private)
4dad102193a0faeb8dbbc387,Italian Restaurant
4d3bd8568edf37047d7baaa5,Ramen /  Noodle House
4b6003daf964a5204dd329e3,Arcade
4b05887cf964a520dac822e3,Office
4b6ba2bff964a52099132ce3,Train Station
4b7646ebf964a5204f462ee3,Arcade
4bb81b6053649c740dc546fb,Mall
4dd0e881ae603b786d69e58e,Road
4b5d78edf964a5201b5e29e3,Convenience Store
4c2ea57da0ced13a77500f6e,Mall
4b7ef37ef964a520c30b30e3,Train Station
4c6cf29265eda0933f474dd0,Mall
4c016088b45676b06713e180,Home (private)
4d95d0c6af3d236a6d05fac6,Train Station
4b482d8df964a520854926e3,Ramen /  Noodle House
4b5c0234f964a520042129e3,Temple
4de35d79d22d2a4ecddbccd8,Subway
4bb5b8ad2ea195211fb7aa2f,Mall
4b7295cbf964a520787f2de3,Ramen /  Noodle House
5021a97f64a4363fdfd20416,Road
4e3785bed22d4cf95ee21bf0,Historic Site
4bb6ff39941ad13afc3620e3,Arcade
4e47388cb61c03d0cd17bada,Grocery Store
4b2d0e1af964a52037cd24e3,Office
4b6a7092f964a52064d52be3,Subway
4c481f4f31e41b8de2e94e35,Bookstore
4bb5a119f562ef3b4f292f97,Subway
4e4ab06414951b66ae91b395,Ramen /  Noodle House
4b426f4af964a520ecd325e3,Grocery Store
4b5984f1f964a520f28a28e3,Train Station
4b660129f964a520cb0d2be3,Train Station
4b588523f964a520d55b28e3,Mall
4b555d0cf964a52071e227e3,Subway
4b63e97bf964a520c9962ae3,Bus Station
4b7b0763f964a520304d2fe3,Mall
4f5f1ec2e4b0616b5c5b1a6a,Ramen /  Noodle House
4c14b6b282a3c9b629abfdf8,Mall
4cf8beada348f04dc599f95c,Electronics Store
4b94462df964a5206c7234e3,Train Station
4b23d399f964a5208d5a24e3,Ramen /  Noodle House
4b55ac8cf964a52058eb27e3,Ramen /  Noodle House
4e6f7754d1647b1137f5cf9e,Mall
4be8171c4485d13a470294ee,Mall
4b283516f964a520e19024e3,Train Station
4c708110344437047485245f,Road
4b58357ff964a520174e28e3,Hobby Shop
4b7e44b0f964a520c0e72fe3,Event Space
4f7ef5b5e4b0f6748559e4a8,Convenience Store
4cbf98dfca4aa1cdb7421bb4,Residential Building (Apartment / Condo)
4f307847e4b0f6064a33c459,Grocery Store
4cbec04497bc721e4c348167,Bus Station
4b56757df964a520461128e3,Hotel
4f672d5ee4b0e30d230d06d8,Arcade
4e2d9ae1fa76bbf847ef3c06,Drugstore / Pharmacy
4be51911bcef2d7fa97c03e5,Gas Station / Garage
4b701828f964a520d7062de3,Office
4bf7fa378d30d13a2dd2ff17,Coffee Shop
4e4c4504149563bcf2ff9df6,Hobby Shop
4d6a043fde28224b1aff4abe,Grocery Store
4d87334799b78cfaaf51f31f,Mall
4b601ccef964a52031d629e3,Ramen /  Noodle House
4c2e8add16adc928bb1ebc9c,Concert Hall
4b5c1abcf964a520292429e3,Bookstore
4b55770cf964a52006e527e3,Bookstore
4b555ffdf964a520bae227e3,Office
50154104e4b0260c42724140,Plaza
4f261796e4b0008744068c93,Bookstore
4b56a01ff964a520011728e3,Park
4b56b554f964a520261928e3,Department Store
4b599899f964a5201f8e28e3,Ramen /  Noodle House
4d93c45f45ae5481af21f6eb,Ramen /  Noodle House
4b7b4b3cf964a520f05c2fe3,Convenience Store
4bc0277e920eb713a9a4182c,Monument / Landmark
4b651879f964a520f3e32ae3,Train Station
4e7d530602d54fdd7e255f9e,Ramen /  Noodle House
4b63a975f964a520898a2ae3,Road
4bf21e71189f0f471011b862,Airport
4b72a85bf964a5207c822de3,Mall
4b7cb6def964a52095a22fe3,Airport
4b63f09af964a520fd972ae3,Indian Restaurant
4d1d4f3edd6a236a57ad1c38,Subway
4f79c6cfe4b09a0a55ece88d,Convenience Store
4d89b676cea64eb937f43c66,Train Station
4b5e342bf964a5208d8329e3,Mall
4eda49a577c8274efcfa3a7a,Ramen /  Noodle House
4b63fae9f964a520b4992ae3,Road
4b6ea551f964a5201fc52ce3,Train Station
4f0c1c0ce4b03e74956e529e,Japanese Restaurant
4e05ca0baeb74c3991055c6f,Office
4b5d47b0f964a520935829e3,Subway
50250b74e4b0c36f475ccafb,Bar
4b7cd69af964a52010a72fe3,Ramen /  Noodle House
4ca8324ff47ea14313057321,Toy / Game Store
4bb9bed93db7b713c279229a,Grocery Store
4b6a3b12f964a52049ce2be3,Train Station
4b59a098f964a520ad8f28e3,Subway
4bad9b93f964a520b65e3be3,Temple
4baf3eb1f964a5204ef33be3,Grocery Store
4b5ee29bf964a520579c29e3,Light Rail
4b5eb91af964a520ea9629e3,Subway
4e6aee3745ddadf2d0b3ee93,Bus Station
4f287fd0e4b0715243008bca,Mall
4eb7079db634a04860d80517,Rest Area
4bf5d425004ed13aa27541a0,Convenience Store
4b5bccc4f964a520e51629e3,Ramen /  Noodle House
4d5091be4015b1f7adbb67cf,Hotel
4bf13c97f45ec928da93943c,Train Station
4d1d41b15c4ca1cdc7cf853d,Train Station
4b923adff964a52074ed33e3,Bridge
501c92ffe4b0584dfa3e4c17,Multiplex
4bc037562a89ef3b8849f088,Concert Hall
4b613389f964a520ca0c2ae3,Cafe
4c01ba9a1747a593da065eca,Ramen /  Noodle House
4b709c1df964a52015252de3,Subway
50e52fdce4b0daefff2a598e,Home (private)
4b600413f964a52053d329e3,Coffee Shop
4b5d25fef964a520925429e3,Train Station
4b7c136df964a520787b2fe3,Train Station
4beb7180f90e9c74bf89e3ed,Convenience Store
4b56ed54f964a520861f28e3,Ramen /  Noodle House
4b734641f964a520c5a52de3,Coffee Shop
4d4247795d01224b85835e50,Event Space
4bf4c3dd370e76b0739abd4a,Ramen /  Noodle House
4b5a5190f964a520cfbc28e3,Mall
4b5d9e34f964a520a86329e3,Ramen /  Noodle House
4e534dd1e4cd13d1047c825f,Train
4b091d3af964a520471423e3,Mall
4b2482daf964a520456824e3,Mall
4db8e4f40cb6ddfae42a90f2,Arcade
4b5c3095f964a520e52629e3,Mall
4b6622c2f964a520ac152be3,Grocery Store
4b975812f964a5204f0035e3,Subway
4b56b2d7f964a520e51828e3,Music Venue
4b38bb29f964a520d54f25e3,Coffee Shop
4c7358f957b6a1430a12c8cc,Home (private)
4bbdba9b8a4fb71338423d9d,Mall
4b7a3212f964a5200f262fe3,Ramen /  Noodle House
4fd4252ee4b0b20a9105cd00,Coffee Shop
4cab32bf2f08236a44368461,Bus Station
4b583455f964a520ec4d28e3,Electronics Store
4cef05b64cd4236a0982b063,Grocery Store
4d54b17ab4deb1f71e72fc79,Train Station
4b581c59f964a520374b28e3,Bus Station
4b6d1a95f964a52004672ce3,Train Station
4c807633d34ca14321df1980,Train Station
4b63b93df964a520478e2ae3,Pub
4ba71711f964a520438039e3,Ramen /  Noodle House
4b569de6f964a520ce1628e3,Train Station
4bde5abee75c0f4716bec703,Train Station
4bac3004f964a520f7e93ae3,Train Station
4bef7e642ff520a179afe8a2,Grocery Store
4b85dac7f964a5207b7631e3,Japanese Restaurant
4ade0dbaf964a5202a6d21e3,Airport
4b862cb0f964a520d68131e3,Ramen /  Noodle House
4b5531eaf964a52042de27e3,Coffee Shop
4c9b1afeeaa5a14396e1d1e4,Spa / Massage
40e0b100f964a520d9011fe3,Office
4ba5d4cef964a520af2439e3,Coffee Shop
4b5e5e30f964a5209b8b29e3,Coffee Shop
4b61318af964a5208d0c2ae3,Train Station
4c02165e8ef2c9b6d29a16fc,Mall
4ba4ea11f964a52071c238e3,Rest Area
4b583aa1f964a520b64e28e3,Park
4398343ff964a520aa2b1fe3,Park
4b612b08f964a520c40b2ae3,Train Station
4b6e477af964a520e6b52ce3,Train Station
4c119391d917c928b20db662,Mall
4b5880e9f964a520f25a28e3,Train Station
4b506285f964a520de2127e3,Road
4beb6ce9415e20a1d065e6bb,Coffee Shop
4fc1b019e4b0a06f8ea40e7b,Italian Restaurant
4ca6be145a1e952130118bce,Office
4b567b47f964a520651228e3,Subway
4bed1a3f3372c928ed281114,College Academic Building
4bf78d5f5efe2d7f7d406934,Coffee Shop
4b5be757f964a520941c29e3,Coffee Shop
50245933e4b0957f285a0c1f,Grocery Store
4fa8cfe1e4b01db6889d52e1,Event Space
4ba47d83f964a52035a038e3,Bar
4b5a5720f964a52078be28e3,Train Station
4bf797c7b182c9b6bd07765a,Convenience Store
4f395f63e4b0edf91efd736e,Automotive Shop
4b75662df964a520580a2ee3,Japanese Restaurant
4bb613972f70c9b649d48430,Train Station
4b86dd13f964a5207fa231e3,Train Station
4e3d0e6b1f6e844231dfe4f0,Train Station
4ddcc8f645ddaa53edb049a4,Home (private)
4b5a1afdf964a5208cad28e3,Park
4b5c2e52f964a520ad2629e3,Park
506befa7e4b0b56e41a2c33f,Train Station
4d8ca2e0d4ec8cfa727e4489,Bus Station
4b570192f964a5209a2228e3,Mall
4d6db30b2c542d43d45473a6,Coffee Shop
4b5837d9f964a520634e28e3,Mall
4e6852858877a40daa9e2b9e,Mall
516e01e7e4b05f6d83ec608c,Home (private)
4cda73034006a1431a9ad1b2,Home (private)
4b80c384f964a520c38a30e3,Shrine
4b63e06cf964a5205c952ae3,Home (private)
4ed047f930f81894ae393856,Train Station
4b9619bcf964a520cabc34e3,Pub
4dd87969b0fb8af380a18410,Train Station
4b058799f964a520a09b22e3,Hotel
4b5bfb86f964a5200d2029e3,University
4b56b9ecf964a520a51928e3,Light Rail
4db60d9e0cb6729b6ab1c3aa,Convenience Store
4d4ac57e5241236a8e278304,Road
4c1abe943b2ab713fe053325,Ramen /  Noodle House
5021e3ade4b0edf15a7c7ca8,Temple
4b5989c8f964a520a18b28e3,Ramen /  Noodle House
4cdcd1ca7dc62c0f6d84e8f2,Office
4b05879cf964a520579c22e3,Mall
4f30d677e4b09c40b33591b2,Arcade
4edf71e077c8c05f366653c6,Train Station
4b746abbf964a52043db2de3,Hobby Shop
4b5af503f964a52036dc28e3,Ramen /  Noodle House
4d3f845a9ccacbff35b14ad0,Ramen /  Noodle House
4b73e6fbf964a52080bf2de3,Convenience Store
4b90c622f964a520fa9633e3,Mall
4fccbdf3e4b096bc2c458802,High School
4b5a2aabf964a52080b128e3,Ramen /  Noodle House
4b22ebb2f964a5205c5024e3,Subway
4b6be74bf964a5200f1c2ce3,Bus Station
4e42bf7c1f6ea0170898924c,Road
4b580bc4f964a520a14928e3,Japanese Restaurant
4b83685cf964a520880531e3,Hotel
4b6bc4e8f964a520ea172ce3,Train Station
4bdd3bc34ffaa5937a166ff7,Convenience Store
4b619000f964a520c8172ae3,Train Station
4b88c6bbf964a520000d32e3,Ramen /  Noodle House
4ba374ecf964a5209e3e38e3,Bookstore
50adee32e4b0bc45ee482d92,Food & Drink Shop
4b0587a6f964a5203d9e22e3,Train Station
4de2f99f814df7ebdc1838ce,Grocery Store
4b60186df964a520b3d529e3,Cafe
4b99fcb7f964a520f09935e3,Cafe
4e40bbdc52b17005f5c2ca90,Train Station
4e6987f518381ea1bd82e0db,Ramen /  Noodle House
4c9170541adc3704985730d1,Train Station
4b49ab67f964a520537226e3,Coffee Shop
4d9aedd57668f04dc788c593,Train Station
4b792714f964a52018ed2ee3,Train Station
4b7005f2f964a520d6032de3,Office
4b4a8ee7f964a520988a26e3,Home (private)
4aa748f7f964a520994c20e3,Airport
4b6fef53f964a5208e002de3,Subway
4c3d9f64933b0f475396e521,Grocery Store
4b5715c4f964a520d02528e3,Electronics Store
4b598d05f964a520268c28e3,Electronics Store
4dc36780887717c87ff098fc,Coffee Shop
4b8e3876f964a520d01b33e3,Train Station
4dba72b6fa8c2e303f2510b3,Train Station
4eced7dae3007feb7ba99cde,Train Station
4bb42512643cd13adf7b395c,Home (private)
49b6d0b4f964a52012531fe3,Coffee Shop
4b5c586cf964a520d22b29e3,Mall
4dd70683c65bee535aa872db,Home (private)
4d6f5de6b73bb1f71a98a972,Office
4c2591d0f7ced13a1bf0246d,Gas Station / Garage
4db15a454b22ba776d8023fd,Ramen /  Noodle House
4dc0ec091838710f437169a1,Platform
4cb06793562d224bc1dc1588,Fast Food Restaurant
4b8a20bff964a5201e6132e3,Home (private)
4b67df7bf964a520df5f2be3,Electronics Store
4f74fee9e4b0f3ab591ef442,Mall
4b79657bf964a52069f72ee3,Bridge
4b6e4156f964a52082b42ce3,Indian Restaurant
4b6273f4f964a5202f482ae3,Japanese Restaurant
4b7d2b58f964a52030b12fe3,Cafe
4ceb3733e1eeb60c0b79b2ae,Event Space
4d9ee948ded9a0933ac5f806,Subway
4bff036468c7a593790e4044,Arcade
4b8892c0f964a520aa0132e3,Convention Center
4ba2330bf964a5203de337e3,Convenience Store
4bf4f378cad2c928407e9c99,Train Station
4ba43ca0f964a520c88e38e3,Road
4bdf90310d69b713852166d3,Ramen /  Noodle House
4cf4e358899c6ea8b0db02c2,Train Station
4b779ea4f964a52052a42ee3,Hobby Shop
4c8a6ed952a98cfa1e912ce9,Grocery Store
4bb967883db7b7138e4d229a,Gym
4b763f1df964a5200e452ee3,Train Station
4b4bd70ff964a52038a926e3,Fast Food Restaurant
4bfe240ff7c82d7fb2358f04,Neighborhood
4b72ab90f964a5200f832de3,Train Station
4b89065af964a520c31832e3,Train Station
4b57b053f964a520093c28e3,Mall
4b5bc5e2f964a520591529e3,Subway
4b2692f9f964a520be7d24e3,Subway
4b5f9cbbf964a5208cc429e3,Train Station
4b56d571f964a520761c28e3,Coffee Shop
4b56d82ef964a520ce1c28e3,Train Station
4d2078d5dd6a236a79bc3738,Airport Terminal
4ffe3dbee4b0a06b87fe101b,Playground
4bbaebd33db7b713d4cb239a,Arcade
4b4a8d8af964a520758a26e3,Train Station
4be67a6ebcef2d7fb53705e5,Fast Food Restaurant
4b58f45df964a520387528e3,Department Store
4bb13036f964a520f0813ce3,Train Station
4bb06addf964a520b0443ce3,Train Station
4c6a7572d0bdc9b6a175a80b,Parking
4b60596cf964a52014e129e3,Ramen /  Noodle House
4b74f9e4f964a520e6f92de3,Library
4adcda92f964a520f14b21e3,Airport
4c46d17d31e41b8dfbcc4a35,University
4e4cb4e445dd4c13ed9f03b6,Mall
4bbca9474e069c740bb29de3,Bus Station
4ce90c6f948f224bc11ff45d,Ramen /  Noodle House
4bfb81a78f32ef3b261c05aa,University
4b55670ff964a52071e327e3,Electronics Store
4dea201be4cdc079f47a7b39,Arcade
4b5aba9ff964a52054d228e3,Baseball Stadium
4b56a5e8f964a5208e1728e3,Scenic Lookout
4caea07a75ebb60cd91eb6ad,Coffee Shop
4b611de0f964a5204a0a2ae3,Train Station
502f7892e4b0fdd339b60d0b,Ramen /  Noodle House
4c0bc4a5ffb8c9b646af6d61,Bus Station
4b68f365f964a5208a942be3,Mall
4b59999df964a520498e28e3,Train Station
4b5662c7f964a520370e28e3,Airport Terminal
4b654fe4f964a520cbec2ae3,Train Station
4e23a52018a88345f0637020,Temple
4b5c2150f964a520192529e3,Ramen /  Noodle House
507e5b59e4b0044f8ee24901,Mall
4cea3cb68ef78cfaa283a59b,Bus Station
4b80f2c7f964a520fd9230e3,Park
4b795cf3f964a520e1f52ee3,Residential Building (Apartment / Condo)
4b7d0885f964a520a4ac2fe3,Convenience Store
4b63ca22f964a520b3912ae3,Grocery Store
4b965006f964a5206cc534e3,Road
4dae2a0893a0096fba9af6a9,Train Station
4e819c0a754ad557dbab1052,Mall
4f31ab1ee4b015f62b8c3780,Convenience Store
4b54ef2af964a520efd327e3,Department Store
4b55b43df964a52084ec27e3,Ramen /  Noodle House
4d61ed23d979ba7a875fd9c7,Convenience Store
4d3080e42748b60cec72dca0,Home (private)
4b23688ff964a520c45524e3,Neighborhood
4b52f6e9f964a520828b27e3,Train Station
4bf7d07f4a67c928452d24cf,Convenience Store
4b627bd3f964a52044492ae3,Subway
4bdefc6917fdef3be8b34e36,Convenience Store
4b5d5414f964a520025a29e3,Train Station
4b7df59ef964a52034dc2fe3,Bus Station
4b5c0379f964a520352129e3,Grocery Store
4b5026b6f964a5208f1d27e3,Grocery Store
4eeadd75b63406cbc10c12b2,Train Station
4e2e1ecad4c058fdbee7151c,Historic Site
4b583c5ef964a520fd4e28e3,Ramen /  Noodle House
4ba5977af964a520d61439e3,Road
4f8a0778e4b00a6262796acb,Convenience Store
4c135157a5eb76b0edc4bfb7,Shrine
4ce1d279c4f6a35d3c79dd6c,Platform
4bf53753706e20a1f428aa98,Bus Station
4bd947dbe914a593bf1b56fa,Office
4b7cbf91f964a520fda32fe3,Ramen /  Noodle House
4b75c40ef964a52026232ee3,Road
4e715076b0fb9f3b34bd0c3e,Platform
4b9a3ca6f964a5206ca635e3,Ramen /  Noodle House
4bea91e318389521b8d90acf,Mall
4da2683922a5f04df4921055,Office
4b610a16f964a52053072ae3,Coffee Shop
4b0588c7f964a520d9d922e3,Office
4b9b385cf964a5209efa35e3,Department Store
4b9b5843f964a520ab0136e3,Arcade
4b3b5574f964a520957225e3,Train Station
4b62f48bf964a5209c5a2ae3,Rest Area
4b691035f964a5203f982be3,Train Station
4b66e701f964a520752f2be3,Bridge
4dbc0ef0a86e0e98a1d8d99b,Convention Center
4bd935b211dcc928c13ef933,Gym
4e85d5b3b8f7d7031ea05310,Monument / Landmark
4b445028f964a520c8f325e3,Coffee Shop
4b6180a5f964a520e2152ae3,Train Station
4b596bb4f964a520c18728e3,Temple
4cf322f0e3b9a0938a6a4853,Convenience Store
4b55e659f964a52053f527e3,Coffee Shop
4b5fe37bf964a520b2cf29e3,Train Station
4b6eaa27f964a520dac52ce3,Train Station
4b96dcb4f964a52094e934e3,Subway
4b91e4e6f964a5201ade33e3,Train Station
4e2e426d62e1fbac60ffc442,Subway
4ba34f0cf964a5208d3438e3,Arcade
4b584505f964a520505028e3,Fast Food Restaurant
4e62bb6b52b1260c13452bbd,Mall
4bfb70948d30d13a721e0418,Park
4b88a538f964a520840632e3,Subway
4c0466f63f03b7131d235241,Grocery Store
4d802672577eb1f733a1a3d3,Building
4eecc1d5b8f76a24a451ff6c,College Cafeteria
4d6e39336458721e92312a20,Convenience Store
4b6be02bf964a520241b2ce3,Fast Food Restaurant
4e43e44e887703085fd913a2,Convenience Store
4b6a7303f964a52097d52be3,Cafe
4ea9326fd3e30cbc43da27b8,Home (private)
4bf3c8f1e5eba593a7d81e90,Office
4d0476d07ee8a090f64bf154,College Cafeteria
4bb5c33c941ad13a817f1ee3,Arcade
4d4d051580cb6dcb45ef0a01,Convenience Store
4e56dbb9b993bf36edf9dc55,Coffee Shop
4b70fa98f964a52068362de3,Cafe
4e929265d5fbb6eb8e9ab568,Miscellaneous Shop
4d97bf0eb188721e725d1837,Park
4b54fe4ef964a520fbd627e3,Subway
4b2f2777f964a520d0e924e3,Building
4ca54d95931bb60c422389e2,Convenience Store
4e7a214a7d8bb7882af8c20d,Home (private)
4b90bde5f964a520fa9533e3,Platform
4b5e922cf964a520d29229e3,Japanese Restaurant
4b598fb9f964a5209c8c28e3,Mall
4c6a5ce9c946e21edb79ec8e,Ramen /  Noodle House
4b76248cf964a520ac3f2ee3,Historic Site
4dc4e3b4ae608779d12d8ea4,Sushi Restaurant
4b5db58cf964a520e26729e3,Coffee Shop
4b56db13f964a5201f1d28e3,Grocery Store
4b5c10caf964a520fb2229e3,Subway
4bcee476c564ef3bdcddeef0,Train Station
4d2c06dcebacb1f7470f1150,Arcade
4b56c9d7f964a520411b28e3,Mall
4bde2cc40ee3a593994930b0,Convenience Store
4dc4eb39d4c0ad9c0f7b2ad8,Coffee Shop
4b59a23ef964a520099028e3,Train Station
4ba09033f964a5206c7237e3,Convenience Store
4b6535fff964a52015e92ae3,Coffee Shop
4de6149cd22d7fddb9cdab52,Train Station
4ba5e44ff964a520d32739e3,Mall
4b0b7f81f964a520e93123e3,Mall
4b5e5e47f964a5209f8b29e3,Subway
4b88ce8af964a520560e32e3,Coffee Shop
4b5a9fb9f964a52048ce28e3,Multiplex
505bea9ee4b033df3905fa31,Fast Food Restaurant
4c3ef54fca012d7fb12230be,Arcade
4b41e5f8f964a520f2c925e3,Train Station
4c6d5aa9f2846dcbd85365e9,Building
4dba3a3b6e815ab0de4de936,Mall
4f5b02d5e4b053fd675507ab,Train Station
4bd70c3a7b1876b0fc798d86,Residential Building (Apartment / Condo)
4b5ac819f964a52060d428e3,Rock Club
430e5b80f964a52043271fe3,Baseball Stadium
502c4d29e4b047efebfa4a5d,Road
4eeda1936da153687ae9ec89,Arcade
4b52f1f3f964a520198b27e3,Ramen /  Noodle House
4bc9d166cc8cd13a8d2fbccf,Convenience Store
4b8d1040f964a5206de632e3,Cafe
4db90a365da3b5fa68cccd80,Post Office
4d6e131b134ea143fb1d8a1a,Platform
4c12283da9c220a1d367539d,Platform
4bc143b1461576b007ca7b32,Shrine
4d3b91c5557d6dcb8bfb3144,Subway
4c0dd124336220a18a5acb77,Electronics Store
4b449495f964a5201af725e3,Hotel
4b885aacf964a52095f131e3,Road
4b52cdf7f964a5205c8827e3,Grocery Store
4d294b0255a8b60cc8d9d5c0,Train Station
4bd426f5046076b0ff6a7771,Road
4d8fbee9c1b1721e08b34d46,Train
4ff0193ae4b036efb41f25bd,Ramen /  Noodle House
50067c6ee4b0094cc56e8638,Bus Station
51403cd4e4b0e8e01fa344a5,Indian Restaurant
4b760e25f964a520a0392ee3,Mall
4b36be44f964a520ad3b25e3,Coffee Shop
4d1898e38312236a0f0066ba,Mall
4b570b36f964a520282428e3,Electronics Store
4df1a30545dd4e269338ec28,Building
4b655d5cf964a5208bee2ae3,Road
4bea618e61aca59396b18300,Fast Food Restaurant
4c813c83d92ea0935d033f72,Nightclub
51210aa27043b94f2e1b05d1,Grocery Store
4be131b5a7380f47517619b0,Office
4b6aa4c6f964a52070da2be3,Ramen /  Noodle House
4d4e3c1f94398cfad0c199c8,Convenience Store
4ade0d29f964a520216b21e3,Historic Site
4b9b327ff964a52047f935e3,Bridge
4e8a678d30f82dd42bad1f48,Japanese Restaurant
4e7d9b6d775b192ba1e3bfd3,Mall
4c76444aff1fb60c5e5ff8a7,Mall
4ba9a313f964a5204a323ae3,Train Station
4bcd872fcc8cd13af2a4c2cf,Japanese Restaurant
4e6f7c1488779c905dfa0f06,Road
4b985fd8f964a520bb3e35e3,Train Station
4b206345f964a520ad3124e3,Ramen /  Noodle House
4b572041f964a520672728e3,Miscellaneous Shop
4b566a29f964a520670f28e3,Train Station
4b63d260f964a5200e932ae3,Mall
50e7d3ece4b02662adbe515f,Home (private)
4ccff2c67f56a143fc82caa6,Ramen /  Noodle House
49e17f24f964a520d1611fe3,Plaza
4bb477a3643cd13a99af395c,Office
4b752c91f964a5201a002ee3,Grocery Store
4b6170d8f964a520a7132ae3,Department Store
4cb5364cf6616dcb8039d608,Ramen /  Noodle House
4eb1fc95d5fb935c32b9d0d2,Mall
4c1ae8280137952127c946f3,Coffee Shop
4b6224d7f964a52049382ae3,Subway
4b66b063f964a52087272be3,Ramen /  Noodle House
4b7f961bf964a5208c3530e3,Historic Site
4b4189eff964a52067c725e3,Subway
4b5bf0e3f964a5202f1e29e3,Coffee Shop
4b5f8a0df964a52059c029e3,Park
4c2e8b3e16adc9287b1fbc9c,Train Station
4b52ba5bf964a520e78627e3,Convenience Store
506844f1498ef43ce6cd0e99,Office
4f34fa5ee4b0cbcdf04b62b4,Ramen /  Noodle House
4b5967d8f964a5205f8728e3,Mall
4b488104f964a5205b4e26e3,Mall
4cf4f58299c6236aed634867,Mall
4b564146f964a520ab0728e3,Fast Food Restaurant
4c47c2deeb489c744054c947,Home (private)
4b5a6519f964a5204ec228e3,Mall
4c68cd21897b1b8dacc1ad17,Cafe
4d394c6f0333a093038d4934,Shrine
4b569b1ef964a520841628e3,Train Station
4bd3b3c79854d13a0983fe4d,Platform
4b6d4d84f964a52022702ce3,Convenience Store
4b6fb3aff964a52065fa2ce3,Building
4b24e5a2f964a520636a24e3,Train Station
4b6ad929f964a52052e32be3,Train Station
4b57c4e0f964a520204028e3,Coffee Shop
4b593d57f964a5209e8228e3,Ramen /  Noodle House
4e13b341d4c023f7053928bb,Platform
4b76156df964a5208a3b2ee3,Bridge
4b5c3b35f964a520fe2729e3,Department Store
4bd722fe6f649521530572ec,Road
4b639783f964a52086852ae3,Department Store
4c6d1a4d23c1a1cda73a1bcf,Road
4bdfd9bc0ee3a593e28535b0,Subway
4f4a73d5e4b0156c30d49a15,Home (private)
4f4a4e3ae4b01739bbb89f4d,Bus Line
4dbc4bd6b3dcc563f2d56f89,Record Shop
4cb40c2975ebb60c67d4dfad,Home (private)
4e3a0860fa766e76ed3ec2dd,Chinese Restaurant
4bff98d8ca1920a1f6faec81,Bookstore
4fa34d15e4b0d6f4bb197c70,Nightclub
4e2ed1e0091a15fd22f7d949,Train Station
4b580508f964a520c24828e3,Mall
4ba4d63df964a520acb938e3,Coffee Shop
50608ab1e4b044452e9d6ef1,Subway
4bf3af303f86c9b6265eb21c,Home (private)
5006cce7e4b0ecb45444a3f1,Home (private)
4c6790198e9120a10048db64,Road
4b5bc939f964a520271629e3,Concert Hall
4de65730922efbe1ec05de18,Train Station
4b8cf9e3f964a520dfe232e3,Train Station
4a9efc7af964a520103c20e3,Office
4beacc724f5576b05532b396,Convenience Store
4b6b9604f964a52059112ce3,Mall
4ba5404bf964a520bcf138e3,Ramen /  Noodle House
4bb1383ff964a5208e843ce3,Office
4baa9df0f964a520047a3ae3,Building
4b0e5ea9f964a520205723e3,Mall
4b6e7a9df964a52005bf2ce3,Electronics Store
4ed8acbfbe7be28335907ca2,Convenience Store
4b5ea776f964a520119529e3,Electronics Store
4f4f5e0be4b02966d43f83c2,Home (private)
4b567be8f964a5207b1228e3,Bar
4de30ded2271bfb844ab481c,Ramen /  Noodle House
4b558a35f964a520eae627e3,Movie Theater
4b8a32c7f964a520cc6332e3,Japanese Restaurant
4d777f949ee9a35d0c5cb3f8,Indian Restaurant
4d10c146b765224b8fabec32,Subway
4e8e73dcd3e3f3430194a36a,Grocery Store
4b5be121f964a520591b29e3,Mall
4d644faf4e1ea1cd544b43b9,Train Station
4b823278f964a520f0cc30e3,Subway
4b4f2489f964a52053fb26e3,Subway
4c0f9047d64c0f47bfe9295d,Grocery Store
4b62df96f964a520b7562ae3,Fast Food Restaurant
4e46756c1850c7ee212d3639,Ramen /  Noodle House
4b55915bf964a520ace727e3,Train Station
4b74e6b4f964a52066f72de3,Rock Club
4b7cb3acf964a520f8a12fe3,Ramen /  Noodle House
4bbd3b20078095217b6dda91,Bridge
4c0a053bffb8c9b652f36a61,Arcade
4eab87082c5b5d71e74536f0,Spa / Massage
4b6194a9f964a520aa182ae3,Train Station
4d1c74ff2a2a8eec695d2c2c,Hobby Shop
4b5e2045f964a5200e7f29e3,Office
4c04ed4947049c74691bae4d,Train Station
4b56e604f964a520861e28e3,Arcade
4b8098e5f964a520e37f30e3,Subway
4b8a7615f964a520b36d32e3,Hobby Shop
